user_idx,t_0,t_1,t_2,t_3,t_4,t_5,t_6,t_7,t_8,t_9,t_10,t_11,t_12,t_13,t_14,t_15,t_16,t_17,t_18,t_19,t_20,t_21,t_22,t_23,t_24,t_25,t_26,t_27,t_28,t_29,t_30,t_31,t_32,t_33,t_34,t_35,t_36,t_37,t_38,t_39,t_40,t_41,t_42,t_43,t_44,t_45,t_46,t_47,t_48,t_49,t_50,t_51,t_52,t_53,t_54,t_55,t_56,t_57,t_58,t_59,t_60,t_61,t_62,t_63,t_64,t_65,t_66,t_67,t_68,t_69,t_70,t_71,t_72,t_73,t_74,t_75,t_76,t_77,t_78,t_79,t_80,t_81,t_82,t_83,t_84,t_85,t_86,t_87,t_88,t_89,t_90,t_91,t_92,t_93,t_94,t_95,t_96,t_97,t_98,t_99,t_100,t_101,t_102,t_103,t_104,t_105,t_106,t_107,t_108,t_109,t_110,t_111,t_112,t_113,t_114,t_115,t_116,t_117,t_118,t_119,t_120,t_121,t_122,t_123,t_124,t_125,t_126,t_127,t_128,t_129,t_130,t_131,t_132,t_133,t_134
0,-0.99245375,-0.99245375,-0.99245375,-0.99245375,-0.99245375,-0.99245375,-0.99245375,-0.99245375,-0.99245375,-0.99245375,-0.99245375,-0.99245375,-0.99245375,-0.99245375,-0.99245375,-0.99245375,-0.99245375,-0.99245375,-0.99245375,-0.99245375,-0.99245375,-0.99245375,-0.99245375,-0.99245375,-0.99245375,0.9910308,0.9910308,0.9910308,0.9910308,0.9910308,0.9910308,0.9910308,0.9910308,0.9910308,0.9910308,0.9910308,0.9910308,0.9910308,0.9910308,0.9910308,0.9910308,0.9910308,0.9910308,0.9910308,0.9910308,0.9910308,-0.99859196,-0.99859196,-0.99801266,-0.99801266,-0.99801266,-0.99801266,-0.99801266,-0.99801266,-0.99801266,-0.99801266,-0.99801266,-0.99801266,-0.99801266,-0.99801266,-0.99801266,-0.99801266,-0.99801266,-0.99801266,-0.99801266,-0.99801266,-0.99801266,0.9961597,0.9961597,0.9961597,0.9961597,0.9961597,0.9961597,0.9961597,0.9961597,0.9961597,0.9961597,0.9961597,-0.9606091,-0.9606091,-0.9606091,-0.9606091,-0.9606091,-0.9606091,-0.9606091,-0.9606091,-0.9606091,-0.9606091,-0.9606091,-0.9606091,-0.9959032,-0.9959032,-0.9959032,-0.9959032,-0.9959032,-0.9959032,-0.9959032,-0.9959032,-0.9959032,-0.9959032,-0.9959032,-0.9959032,-0.9959032,-0.9959032,-0.9959032,-0.9959032,-0.9959032,-0.9959032,-0.9959032,-0.9959032,-0.9959032,-0.9959032,-0.9959032,-0.98563737,-0.9993766,-0.9997676,-0.9997676,-0.9996137,-0.9996137,-0.9996137,-0.9996137,-0.9996137,-0.9996137,-0.9996137,-0.9996137,-0.9996137,-0.9996137,-0.9996137,-0.9996137,-0.9996137,-0.9996137,-0.9996137,-0.9996137,-0.9996137,-0.9996137
1,-0.99015325,-0.99015325,-0.99015325,-0.99015325,-0.99015325,-0.99015325,-0.99015325,-0.99015325,-0.99015325,-0.99015325,-0.99015325,-0.99015325,-0.99015325,-0.99015325,-0.99015325,-0.99015325,-0.99015325,-0.99015325,-0.99015325,-0.99015325,-0.99015325,-0.99015325,-0.99015325,-0.99015325,-0.99015325,-0.99015325,-0.99015325,-0.99015325,-0.99015325,-0.99015325,-0.99015325,-0.99015325,-0.99015325,-0.99015325,-0.99015325,-0.99015325,-0.99015325,-0.99015325,-0.99015325,-0.99015325,-0.99015325,-0.99015325,-0.99015325,-0.99015325,-0.99015325,-0.99015325,-0.99015325,-0.99015325,-0.99015325,-0.99015325,-0.99015325,-0.99015325,-0.99015325,-0.99015325,-0.99015325,-0.99015325,-0.99015325,-0.99015325,-0.99015325,-0.99015325,-0.99015325,-0.99015325,-0.99015325,-0.99015325,-0.99015325,-0.99015325,-0.99015325,-0.99015325,-0.99015325,-0.99015325,-0.99015325,-0.99015325,-0.99015325,-0.99015325,-0.99015325,-0.99015325,-0.99015325,-0.99015325,-0.99015325,-0.99015325,-0.99015325,-0.99015325,-0.99015325,-0.99015325,-0.99015325,-0.99015325,-0.99015325,-0.99015325,-0.99015325,-0.99015325,-0.99015325,-0.99015325,-0.99015325,-0.99015325,-0.99015325,-0.99015325,-0.99015325,-0.99015325,-0.99015325,-0.99015325,-0.99015325,0.996816,-0.91276354,-0.6001241,-0.6001241,-0.6001241,-0.6001241,-0.6001241,-0.6001241,-0.97898054,-0.97898054,-0.9972,-0.9829828,-0.9829828,-0.9829828,-0.9829828,-0.9829828,-0.9829828,-0.9829828,-0.9829828,-0.9829828,-0.9829828,-0.9829828,-0.9829828,-0.9829828,-0.9829828,-0.9829828,-0.9829828,-0.9829828,-0.9829828,-0.9829828,-0.9829828,-0.9829828,-0.9829828,-0.9829828
2,-0.98951715,-0.98951715,-0.98951715,-0.98951715,-0.98951715,-0.98951715,-0.98951715,-0.98951715,-0.98951715,-0.98951715,-0.98951715,-0.98951715,-0.98951715,-0.98951715,-0.98951715,-0.98951715,-0.98951715,-0.98951715,-0.98951715,-0.98951715,-0.98951715,-0.98951715,-0.98951715,-0.98951715,-0.98951715,-0.98951715,-0.98951715,-0.98951715,-0.98951715,-0.98951715,-0.98951715,-0.98951715,-0.98951715,-0.98951715,-0.98951715,-0.98951715,-0.98951715,-0.98951715,-0.98951715,-0.98951715,-0.98951715,-0.98951715,-0.98951715,-0.98951715,-0.98951715,-0.98951715,-0.98951715,-0.98951715,-0.98951715,-0.98951715,-0.98951715,-0.98951715,-0.98951715,-0.98951715,-0.98951715,-0.98951715,-0.98951715,-0.98951715,-0.98951715,-0.98951715,-0.98951715,-0.98951715,-0.98951715,-0.98951715,-0.98951715,-0.98951715,-0.98951715,-0.98951715,-0.98951715,-0.98951715,-0.98951715,-0.98951715,-0.98951715,-0.98951715,-0.98951715,-0.98951715,-0.98951715,-0.98951715,-0.98951715,-0.98951715,-0.98951715,-0.98951715,-0.98951715,-0.98951715,-0.98951715,-0.98951715,-0.98951715,-0.98951715,-0.98951715,-0.98951715,-0.98951715,-0.98951715,-0.98951715,-0.98951715,-0.98951715,-0.98951715,-0.98951715,-0.98951715,-0.98951715,-0.98951715,-0.98951715,-0.98951715,-0.98951715,-0.98951715,-0.98951715,-0.98951715,-0.98951715,-0.98951715,-0.98951715,-0.98951715,-0.98951715,-0.98951715,-0.98951715,-0.98951715,-0.9583215,-0.9225928,0.9910238,0.9910238,0.9910238,0.9910238,0.9910238,0.95887506,0.95887506,0.95887506,0.95887506,0.50172555,0.50172555,-0.99874216,-0.99874216,-0.99874216,-0.99874216,-0.99874216,-0.99874216,-0.99874216,-0.99874216
3,-0.90587276,-0.90587276,-0.90587276,-0.90587276,-0.90587276,-0.90587276,-0.90587276,-0.90587276,-0.90587276,-0.90587276,-0.90587276,-0.90587276,-0.90587276,-0.90587276,-0.90587276,-0.90587276,-0.90587276,-0.90587276,-0.90587276,-0.90587276,-0.90587276,-0.90587276,-0.999092,0.5372736,0.5372736,0.5372736,0.5372736,0.5372736,0.5372736,0.5372736,0.5372736,0.5372736,0.5372736,0.5372736,0.5372736,0.5372736,0.5372736,0.5372736,0.5372736,0.5372736,0.5372736,0.5372736,-0.9802306,-0.9802306,-0.9802306,-0.9802306,-0.9802306,-0.9802306,-0.9802306,-0.9802306,-0.9802306,-0.9802306,-0.9802306,-0.9802306,-0.9802306,-0.9802306,-0.9802306,-0.9802306,-0.9802306,-0.9802306,-0.9802306,-0.9802306,-0.9802306,-0.9802306,-0.9802306,-0.9802306,-0.9802306,-0.9802306,-0.9802306,-0.9802306,-0.9802306,-0.9802306,-0.9802306,-0.9802306,-0.9802306,-0.9802306,-0.9802306,-0.9802306,-0.9802306,-0.9802306,-0.9802306,-0.9802306,-0.9802306,-0.9802306,-0.9802306,-0.9802306,-0.9802306,-0.9802306,-0.9802306,-0.9802306,-0.9802306,-0.9802306,-0.9802306,-0.9802306,-0.9802306,-0.9802306,-0.9802306,-0.9802306,-0.9802306,-0.9802306,-0.9802306,-0.9802306,-0.9802306,-0.9802306,-0.9802306,-0.9802306,-0.9802306,-0.9802306,-0.9802306,-0.9802306,-0.9802306,-0.9802306,-0.9802306,-0.9802306,-0.9802306,-0.9802306,-0.9802306,-0.9802306,-0.9802306,-0.9802306,-0.9802306,-0.9802306,-0.9802306,-0.9802306,-0.9802306,-0.9802306,-0.9802306,-0.9802306,-0.9802306,-0.9802306,-0.9802306,-0.9802306,-0.9802306,-0.9802306,-0.9802306
4,-0.9971011,-0.9971011,-0.9971011,-0.9971011,-0.9971011,-0.9971011,-0.9971011,-0.9971011,-0.9971011,-0.9971011,-0.9971011,-0.9971011,-0.9971011,-0.9971011,-0.9971011,-0.9971011,-0.9971011,-0.9971011,-0.9971011,-0.9971011,-0.9971011,-0.9971011,-0.9971011,-0.9971011,-0.9971011,-0.9971011,-0.9971011,-0.9971011,-0.9971011,-0.9971011,-0.9971011,-0.9971011,-0.9971011,-0.9971011,-0.9971011,-0.9971011,-0.9971011,-0.9971011,-0.9971011,-0.9971011,-0.9971011,-0.9971011,-0.9971011,-0.9971011,-0.9971011,-0.9971011,-0.9971011,-0.9971011,-0.9971011,-0.9971011,-0.9971011,-0.9971011,-0.9971011,-0.9971011,-0.9971011,-0.9971011,-0.9971011,-0.9971011,-0.9971011,-0.9971011,-0.9971011,-0.9971011,-0.9971011,-0.9971011,-0.9971011,-0.9971011,-0.9971011,-0.9971011,-0.9971011,-0.9971011,-0.9971011,-0.9971011,-0.9971011,-0.9971011,-0.9971011,-0.9971011,-0.9971011,-0.9971011,-0.9971011,-0.9971011,-0.9971011,-0.9971011,-0.9971011,-0.9971011,-0.9971011,-0.9971011,-0.9971011,-0.9971011,-0.9971011,-0.9971011,-0.9971011,-0.9971011,-0.9971011,-0.9971011,-0.9971011,-0.9971011,-0.9971011,-0.9971011,-0.9971011,-0.9971011,-0.9971011,0.99931717,0.99931717,-0.9868786,-0.9868786,-0.9868786,-0.9868786,-0.9868786,-0.9868786,-0.9868786,-0.9868786,-0.9868786,-0.9868786,-0.9868786,-0.9868786,-0.9868786,-0.9868786,-0.9868786,-0.9868786,-0.9868786,-0.9868786,-0.9868786,-0.9868786,-0.9988217,-0.9988217,-0.9988217,-0.9988217,-0.9988217,-0.9988217,-0.9988217,-0.9988217,-0.9988217,-0.9988217,-0.9988217,-0.9988217
5,-0.99307394,-0.99307394,-0.99307394,-0.99307394,-0.99307394,-0.99307394,-0.99307394,-0.99307394,-0.99307394,-0.99307394,-0.99307394,-0.99307394,-0.99307394,-0.99307394,-0.99307394,-0.99307394,-0.99307394,-0.99307394,-0.99307394,-0.99307394,-0.99307394,-0.99307394,-0.99307394,-0.99307394,-0.99307394,-0.99307394,-0.99307394,-0.99307394,-0.99307394,-0.99307394,-0.99307394,-0.99307394,-0.99307394,-0.99307394,-0.99307394,-0.99307394,-0.99307394,-0.99307394,-0.99307394,-0.99307394,-0.99307394,-0.99307394,-0.99307394,-0.99307394,-0.99307394,-0.99307394,-0.99307394,-0.99307394,-0.99307394,-0.99307394,-0.99307394,-0.99307394,-0.99307394,-0.99307394,-0.99307394,-0.99307394,-0.99307394,-0.99307394,-0.99307394,-0.99307394,-0.99307394,-0.99307394,-0.99307394,-0.99307394,-0.99307394,-0.99307394,-0.99307394,-0.99307394,-0.99307394,-0.99307394,-0.99307394,-0.99637777,-0.99637777,-0.99637777,-0.99637777,-0.99637777,-0.99637777,-0.99637777,-0.99637777,-0.99637777,-0.99637777,-0.99637777,-0.99637777,-0.99637777,-0.99637777,-0.99637777,-0.99637777,-0.99637777,-0.9484671,-0.9484671,-0.9484671,-0.9863114,-0.9863114,-0.9863114,-0.9863114,-0.9863114,-0.9863114,-0.9863114,-0.9863114,-0.9863114,-0.9863114,-0.9863114,-0.9863114,-0.9863114,-0.9863114,-0.9863114,-0.9863114,-0.9863114,-0.9863114,-0.9863114,-0.9863114,-0.9863114,-0.9863114,-0.9863114,-0.9863114,-0.9863114,-0.9863114,-0.9863114,-0.9863114,-0.9863114,-0.9863114,-0.9863114,-0.9863114,-0.9863114,-0.9863114,-0.9863114,-0.9863114,-0.9863114,-0.9863114,-0.9863114,-0.9863114,-0.9863114,-0.9863114,-0.9863114,-0.9863114
6,-0.9845541,-0.9845541,-0.9845541,-0.9845541,-0.9845541,-0.9845541,-0.9845541,-0.9845541,-0.9845541,-0.9845541,-0.9845541,-0.9845541,-0.9845541,-0.9845541,-0.9845541,-0.9845541,-0.9845541,-0.9845541,-0.9845541,-0.9845541,-0.9845541,-0.9845541,-0.9845541,-0.9845541,-0.9845541,-0.9845541,-0.9845541,-0.9845541,-0.9845541,-0.9845541,-0.9845541,-0.9845541,-0.9845541,-0.9845541,-0.9845541,-0.9845541,-0.9845541,-0.9845541,-0.9845541,-0.9845541,-0.9845541,-0.9845541,-0.9845541,-0.9845541,-0.9845541,-0.9845541,-0.9845541,-0.9845541,-0.9845541,-0.9845541,-0.9845541,-0.9845541,-0.9845541,-0.9845541,-0.9845541,-0.9845541,-0.9845541,-0.9845541,-0.9845541,-0.9845541,-0.9845541,-0.9845541,-0.9845541,-0.9845541,-0.9845541,-0.9845541,-0.9845541,-0.9845541,-0.9845541,-0.9845541,-0.99329776,-0.99329776,-0.99329776,-0.99329776,-0.99329776,-0.99329776,-0.99329776,-0.99329776,-0.99329776,-0.99329776,-0.99329776,-0.99329776,-0.99329776,-0.99329776,-0.99329776,-0.99329776,-0.99329776,-0.99329776,-0.99329776,-0.99329776,-0.99329776,-0.99329776,-0.99329776,-0.99329776,-0.99329776,-0.99329776,-0.99329776,-0.99329776,-0.99329776,-0.99329776,-0.99329776,-0.99329776,-0.99329776,-0.99329776,-0.99329776,-0.99329776,-0.99329776,-0.99329776,-0.99329776,-0.99329776,-0.99329776,-0.99329776,-0.99329776,-0.99329776,-0.99329776,-0.9958478,-0.9958478,-0.99303997,-0.99303997,-0.99303997,-0.99303997,-0.99303997,-0.99303997,-0.99303997,-0.99303997,-0.99303997,-0.97387683,-0.98876077,-0.98876077,-0.98876077,-0.98876077,-0.98876077,-0.98876077,-0.98876077,-0.98876077
7,-0.9950508,-0.9950508,-0.9950508,-0.9950508,-0.9950508,-0.9950508,-0.9950508,-0.9950508,-0.9950508,-0.9950508,-0.9950508,-0.9950508,-0.9950508,-0.9950508,-0.9950508,-0.9950508,-0.9950508,-0.9950508,-0.9950508,-0.9950508,-0.9950508,-0.9950508,-0.9950508,-0.9950508,-0.9950508,-0.9950508,-0.9950508,-0.9950508,-0.9950508,-0.9950508,-0.9950508,-0.9950508,-0.9950508,-0.9950508,-0.9950508,-0.9950508,-0.9950508,-0.9950508,-0.9950508,-0.9950508,-0.9950508,-0.9950508,-0.9950508,-0.9950508,-0.9950508,-0.9950508,-0.9950508,-0.9950508,-0.9950508,-0.9950508,-0.9950508,-0.9950508,-0.9950508,-0.9950508,-0.9950508,-0.9950508,-0.9950508,-0.9950508,-0.9950508,-0.9950508,-0.9950508,-0.9950508,-0.9950508,-0.9950508,-0.9950508,-0.9950508,-0.9950508,-0.9950508,-0.9950508,-0.9950508,-0.9950508,-0.9950508,-0.9950508,-0.9950508,-0.9950508,-0.9950508,-0.9950508,-0.9950508,-0.9950508,-0.9950508,-0.9950508,-0.9950508,-0.9950508,-0.9950508,-0.9950508,-0.9950508,-0.9950508,-0.9950508,-0.9950508,-0.9950508,-0.9950508,-0.9950508,-0.9950508,-0.9950508,-0.9950508,-0.9950508,-0.9950508,-0.9950508,-0.9950508,-0.9950508,-0.9869645,-0.9869645,-0.9607797,-0.96973085,-0.96973085,-0.96973085,-0.96973085,-0.96973085,-0.96973085,-0.96973085,-0.96973085,-0.96973085,-0.96973085,-0.96973085,-0.9976712,-0.9976712,-0.9976712,-0.9976712,-0.9976712,-0.9976712,-0.9976712,-0.9976712,-0.9976712,0.98047924,0.98047924,0.98047924,0.98047924,0.98047924,0.98047924,0.98047924,0.98047924,0.98047924,0.98047924,0.98047924,0.98047924
8,-0.988998,-0.988998,-0.988998,-0.988998,-0.988998,-0.988998,-0.988998,-0.988998,-0.988998,-0.988998,-0.988998,-0.988998,-0.988998,-0.988998,-0.988998,-0.988998,-0.988998,-0.988998,-0.988998,-0.988998,-0.988998,-0.93855023,-0.93855023,-0.93855023,-0.93855023,-0.93855023,-0.93855023,-0.93855023,-0.93855023,-0.93855023,-0.93855023,-0.93855023,-0.93855023,-0.93855023,-0.93855023,-0.93855023,-0.93855023,-0.93855023,-0.93855023,-0.93855023,-0.93855023,-0.93855023,-0.93855023,-0.9357248,-0.99874735,-0.99874735,-0.99874735,-0.99874735,-0.99874735,-0.99874735,-0.99874735,-0.99874735,-0.99874735,-0.99874735,-0.99874735,0.75540435,0.75540435,0.75540435,0.75540435,0.75540435,0.75540435,0.75540435,0.75540435,0.75540435,0.75540435,0.75540435,0.75540435,0.75540435,0.75540435,0.75540435,0.75540435,-0.9676275,-0.9676275,-0.9676275,-0.9676275,-0.9676275,-0.9676275,-0.9676275,-0.9676275,-0.9676275,-0.9676275,-0.9676275,-0.9676275,-0.9676275,-0.9676275,-0.9676275,-0.9676275,-0.9676275,-0.9676275,-0.9676275,-0.9676275,-0.9676275,-0.9676275,-0.9676275,-0.9676275,-0.9676275,-0.9676275,-0.9676275,-0.9676275,-0.9676275,-0.9676275,-0.9676275,-0.9676275,-0.9676275,-0.9676275,-0.9676275,0.87797105,0.87797105,0.87797105,0.87797105,0.87797105,0.87797105,0.87797105,0.87797105,0.87797105,0.87797105,-0.9887622,-0.9887622,-0.9887622,-0.9887622,0.6117116,0.6117116,0.6117116,0.6117116,0.6117116,0.6117116,0.6117116,0.6117116,0.6117116,0.6117116,0.6117116,0.6117116,0.6117116,0.6117116,0.6117116
9,-0.9978384,-0.9978384,-0.9978384,-0.9978384,-0.9978384,-0.9978384,-0.9978384,-0.9978384,-0.9978384,-0.9978384,-0.9978384,-0.9978384,-0.9978384,-0.9978384,-0.9978384,-0.9978384,-0.9978384,-0.9978384,-0.9978384,-0.9978384,-0.9978384,-0.9978384,-0.9978384,-0.9978384,-0.9978384,-0.9978384,-0.9978384,-0.9978384,-0.9978384,-0.9978384,-0.9978384,-0.9978384,-0.9978384,-0.9978384,-0.9978384,-0.9978384,-0.9978384,-0.9978384,-0.9978384,-0.9978384,-0.9978384,-0.9978384,-0.9978384,-0.9978384,-0.9978384,-0.9978384,-0.9978384,-0.9978384,-0.9996213,-0.9996213,-0.9996213,-0.9996213,-0.9996213,-0.9996213,-0.9996213,-0.9996213,-0.9996213,-0.9996213,-0.9996213,-0.9996213,-0.9996213,-0.9996213,-0.9996213,-0.9996213,-0.9996213,-0.9996213,-0.9996213,-0.9996213,-0.9996213,-0.9996213,-0.9996213,-0.99484336,-0.99484336,-0.99484336,-0.99484336,-0.99484336,-0.99484336,-0.99484336,-0.99484336,-0.99484336,-0.99484336,-0.99484336,-0.99484336,-0.99484336,-0.99484336,-0.99484336,-0.99484336,-0.99484336,-0.99484336,-0.99484336,-0.99484336,-0.99484336,-0.99484336,-0.99484336,-0.99484336,-0.99484336,-0.99484336,-0.99484336,-0.99484336,-0.99484336,-0.99484336,-0.99484336,-0.95671356,-0.95671356,-0.95671356,-0.95671356,-0.95671356,-0.95671356,-0.95671356,-0.95671356,-0.95671356,-0.95671356,-0.95671356,-0.95671356,-0.95671356,-0.95671356,-0.95671356,-0.95671356,-0.95671356,-0.95671356,-0.95671356,-0.95671356,-0.95671356,-0.95671356,-0.95671356,-0.95671356,-0.95671356,-0.95671356,-0.95671356,-0.95671356,-0.95671356,-0.95671356,-0.95671356,-0.95671356,-0.95671356
10,-0.99512047,-0.99512047,-0.99512047,-0.99512047,-0.99512047,-0.99512047,-0.99512047,-0.99512047,-0.99512047,-0.99512047,-0.99512047,-0.99512047,-0.99512047,-0.99512047,-0.99512047,-0.99512047,-0.99512047,-0.99512047,-0.99512047,-0.99512047,-0.99512047,-0.99512047,-0.99512047,-0.99512047,-0.99512047,-0.99512047,-0.99512047,-0.99512047,-0.99512047,-0.99512047,-0.99512047,-0.99512047,-0.99512047,-0.99512047,-0.99512047,-0.99512047,-0.99512047,-0.99512047,-0.99512047,-0.99512047,-0.99512047,-0.99512047,-0.99512047,-0.99512047,-0.99512047,-0.99512047,-0.99512047,-0.99512047,-0.99512047,-0.99512047,-0.99512047,-0.99512047,-0.99512047,-0.99512047,-0.99512047,-0.99512047,-0.99512047,-0.99512047,-0.99512047,-0.99512047,-0.99512047,-0.99512047,-0.99512047,-0.99512047,-0.99512047,-0.99512047,-0.99512047,-0.99512047,-0.99512047,-0.99512047,-0.99512047,-0.99512047,-0.99512047,-0.99512047,-0.99512047,-0.99512047,-0.99512047,-0.99512047,-0.99512047,-0.99512047,-0.99512047,-0.99512047,-0.99512047,-0.99512047,-0.99512047,-0.99512047,-0.99512047,-0.99512047,-0.99512047,-0.99512047,-0.99512047,-0.99512047,-0.99512047,-0.99512047,-0.99512047,-0.99512047,-0.99512047,-0.99512047,-0.99512047,-0.99512047,-0.99512047,-0.99512047,-0.9982041,-0.9982041,-0.9982041,-0.9982041,-0.9982041,-0.9982041,-0.9982041,-0.9982041,-0.9982041,-0.9982041,-0.9982041,0.9997904,0.9997904,0.9997904,0.9997904,-0.99901974,-0.99901974,-0.99901974,-0.9607445,0.99866784,0.99866784,0.99866784,0.99866784,0.99866784,0.99866784,0.99866784,0.99866784,0.99866784,0.99866784,0.99866784,0.99866784,0.99866784,0.99866784
11,-0.99959415,-0.99959415,-0.99959415,-0.99959415,-0.99959415,-0.99959415,-0.99959415,-0.99959415,-0.99959415,-0.99959415,-0.99959415,-0.99959415,-0.99959415,-0.99959415,-0.99959415,-0.99959415,-0.99959415,-0.99959415,-0.99959415,-0.99959415,-0.99959415,-0.99959415,-0.99959415,-0.99959415,-0.99959415,-0.99959415,-0.99959415,-0.99959415,-0.99959415,-0.99959415,-0.99959415,-0.99959415,-0.99959415,-0.99959415,-0.99959415,-0.99959415,-0.99959415,-0.99959415,-0.99959415,-0.99959415,-0.99959415,-0.99959415,-0.99959415,-0.99959415,-0.99959415,-0.99959415,-0.99959415,-0.99959415,-0.99959415,0.98863643,0.98863643,0.98863643,0.98863643,0.98863643,0.98863643,0.98863643,0.98863643,0.98863643,0.98863643,0.98863643,0.98863643,0.98863643,0.98863643,0.98863643,0.98863643,0.98863643,0.98863643,0.98863643,0.98863643,0.98863643,0.98863643,0.98863643,0.98863643,0.98863643,0.98863643,0.98863643,0.98863643,0.98863643,0.98863643,0.98863643,0.98863643,0.98863643,0.98863643,0.98863643,0.98863643,0.98863643,0.98863643,0.98863643,0.98863643,0.98863643,0.98863643,0.98863643,0.98863643,0.98863643,0.98863643,0.98863643,0.98863643,0.98863643,0.98863643,0.98863643,-0.9952756,-0.9952756,-0.9952756,-0.9952756,-0.9952756,-0.9952756,-0.9952756,-0.9952756,-0.9952756,-0.9952756,-0.9952756,-0.9952756,-0.9952756,-0.9952756,-0.9952756,-0.9952756,-0.9952756,-0.6787749,-0.6787749,-0.6787749,-0.6787749,-0.6787749,-0.6787749,-0.6787749,-0.6787749,-0.6787749,-0.9908076,-0.9908076,-0.9908076,-0.9908076,-0.9908076,-0.9908076,-0.9908076,-0.9908076,-0.9908076
12,-0.9984029,-0.9984029,-0.9984029,-0.9984029,-0.9984029,-0.9984029,-0.9984029,-0.9984029,-0.9984029,-0.9984029,-0.9984029,-0.9984029,-0.9984029,-0.9984029,-0.9984029,-0.9984029,-0.9984029,-0.9984029,-0.9984029,-0.9984029,-0.9984029,-0.9984029,-0.9984029,-0.9984029,-0.9984029,-0.9984029,-0.9984029,-0.9984029,-0.9984029,-0.9984029,-0.9984029,-0.9984029,-0.9984029,-0.9984029,-0.9984029,-0.9984029,-0.9984029,-0.9984029,-0.9984029,-0.9984029,-0.9984029,-0.9984029,-0.9984029,-0.9984029,-0.9984029,-0.9984029,-0.9984029,-0.9984029,-0.9984029,-0.9984029,-0.9984029,-0.9984029,-0.9984029,-0.9984029,-0.9984029,-0.9984029,-0.9984029,-0.9984029,-0.9984029,-0.9984029,-0.9984029,-0.9984029,-0.9984029,-0.9984029,-0.9984029,-0.9984029,-0.9984029,-0.9984029,-0.9984029,-0.9984029,-0.9984029,-0.9984029,-0.9984029,-0.9984029,-0.9984029,-0.9984029,-0.9984029,-0.9984029,-0.9984029,-0.9984029,-0.9984029,-0.9984029,-0.9984029,-0.9984029,-0.9984029,-0.9984029,-0.9984029,-0.9984029,-0.9984029,-0.9984029,-0.9984029,-0.9984029,-0.9984029,-0.9984029,-0.9984029,-0.9993525,-0.9993525,-0.9993525,-0.9993525,-0.9993525,-0.9993525,-0.9993525,-0.9943749,-0.9943749,-0.9943749,-0.9943749,-0.9943749,-0.9943749,-0.9943749,-0.9943749,-0.9943749,-0.9943749,-0.9943749,-0.9993291,-0.9993291,-0.9993291,-0.9993291,-0.9993291,-0.9993291,-0.9993291,0.5924549,-0.9626178,-0.9626178,-0.9626178,-0.9626178,-0.9958955,-0.9958955,-0.9958955,-0.9958955,-0.9958955,-0.9958955,-0.9958955,-0.9958955,-0.9958955,-0.9958955
13,-0.9930871,-0.9930871,-0.9930871,-0.9930871,-0.9930871,-0.9930871,-0.9930871,-0.9930871,-0.9930871,-0.9930871,-0.9930871,-0.9930871,-0.9930871,-0.9930871,-0.9930871,-0.9930871,-0.9930871,-0.9930871,-0.9930871,-0.9930871,-0.9930871,-0.9930871,-0.9930871,-0.9930871,-0.9930871,-0.9930871,-0.9930871,-0.9930871,-0.9930871,-0.9930871,-0.9930871,-0.9930871,-0.9930871,-0.9930871,-0.9930871,-0.9930871,-0.9930871,-0.9930871,-0.9930871,-0.9930871,-0.9930871,-0.9930871,-0.9930871,-0.9930871,-0.9930871,-0.9930871,-0.9930871,-0.9930871,-0.9930871,-0.9930871,-0.9930871,-0.9930871,-0.9930871,-0.9930871,-0.9930871,-0.9930871,-0.9930871,-0.9930871,-0.9930871,-0.9930871,-0.9930871,-0.9930871,-0.9930871,-0.9930871,-0.9930871,-0.9930871,-0.9930871,-0.9930871,-0.9930871,-0.9930871,-0.9930871,-0.9930871,-0.9930871,-0.9930871,-0.9930871,-0.9930871,-0.9930871,-0.9930871,-0.9930871,-0.9930871,-0.9930871,-0.9930871,-0.9930871,-0.9930871,-0.9930871,-0.9930871,-0.9930871,-0.9930871,-0.9930871,-0.9930871,-0.9930871,-0.9930871,-0.9930871,-0.9930871,-0.9930871,-0.9930871,-0.9930871,-0.9930871,-0.9930871,-0.9930871,-0.9904873,-0.9950842,-0.9973258,-0.9973258,-0.9973258,-0.9973258,-0.9973258,-0.9973258,-0.9973258,-0.9973258,-0.9973258,-0.9973258,-0.9973258,-0.9973258,-0.9973258,-0.9973258,-0.9973258,-0.9973258,-0.9973258,-0.9973258,-0.9973258,-0.9973258,-0.9973258,-0.9973258,-0.9973258,-0.9973258,-0.9973258,-0.9973258,-0.9973258,-0.9973258,-0.9973258,-0.9973258,-0.9973258,-0.9973258,-0.9973258
14,-0.59017944,-0.59017944,-0.59017944,-0.59017944,-0.59017944,-0.59017944,-0.59017944,-0.59017944,-0.59017944,-0.59017944,-0.59017944,-0.59017944,-0.59017944,-0.59017944,-0.59017944,-0.59017944,-0.59017944,-0.59017944,-0.59017944,-0.59017944,-0.59017944,-0.59017944,-0.59017944,-0.59017944,-0.59017944,-0.59017944,-0.59017944,-0.59017944,-0.59017944,-0.59017944,-0.59017944,-0.59017944,-0.59017944,-0.59017944,-0.59017944,-0.59017944,-0.59017944,-0.59017944,-0.59017944,-0.59017944,-0.59017944,-0.59017944,-0.59017944,-0.59017944,-0.59017944,-0.59017944,-0.59017944,-0.59017944,-0.59017944,-0.59017944,-0.59017944,-0.59017944,-0.59017944,-0.59017944,-0.59017944,-0.59017944,-0.59017944,-0.59017944,-0.59017944,-0.59017944,-0.59017944,-0.59017944,-0.59017944,-0.59017944,-0.59017944,-0.59017944,-0.59017944,-0.59017944,-0.59017944,-0.59017944,-0.59017944,-0.59017944,-0.59017944,-0.59017944,-0.59017944,-0.59017944,-0.59017944,-0.59017944,-0.59017944,-0.59017944,-0.59017944,-0.59017944,-0.59017944,-0.59017944,-0.59017944,-0.59017944,-0.59017944,-0.59017944,-0.59017944,-0.59017944,-0.59017944,-0.59017944,-0.59017944,-0.59017944,-0.59017944,-0.59017944,-0.59017944,-0.59017944,-0.59017944,-0.59017944,-0.59017944,-0.59017944,-0.59017944,-0.59017944,-0.59017944,-0.59017944,-0.59017944,-0.59017944,-0.59017944,-0.59017944,-0.59017944,-0.59017944,-0.59017944,-0.59017944,-0.59017944,-0.59017944,-0.59017944,-0.59017944,-0.59017944,-0.59017944,0.9998186,0.9998186,0.9998186,0.9998186,0.9998186,0.9998186,0.9998186,0.9998186,0.9998186,0.9998186,0.9998186,0.9998186,-0.9896622,-0.9896622,-0.9896622
15,-0.99638486,-0.99638486,-0.99638486,-0.99638486,-0.99638486,-0.99638486,-0.99638486,-0.99638486,-0.99638486,-0.99638486,-0.99638486,-0.99638486,-0.99638486,-0.99638486,-0.99638486,-0.99638486,-0.99638486,-0.99638486,-0.99638486,-0.97148895,-0.97148895,-0.97148895,-0.97148895,-0.97148895,-0.97148895,-0.97148895,-0.97148895,-0.985544,-0.95172966,-0.95172966,-0.95172966,-0.95172966,-0.95172966,-0.95172966,-0.95172966,-0.95172966,-0.95172966,-0.95172966,-0.95172966,-0.95172966,-0.95172966,-0.95172966,-0.95172966,-0.95172966,-0.9727693,-0.9727693,-0.9727693,-0.9727693,-0.9727693,-0.9727693,-0.9727693,-0.9727693,-0.9727693,-0.9727693,-0.9727693,-0.9727693,-0.9727693,-0.9727693,-0.9727693,-0.9727693,-0.9727693,-0.9727693,-0.9727693,-0.9727693,-0.9727693,-0.9727693,-0.9727693,-0.9727693,-0.9727693,-0.9727693,-0.9727693,-0.9727693,-0.9727693,-0.9727693,-0.9727693,-0.9727693,-0.9727693,-0.9727693,-0.9727693,-0.9727693,-0.9727693,-0.9727693,-0.9727693,-0.9727693,-0.9727693,-0.9727693,-0.9727693,-0.9727693,-0.9727693,-0.9727693,-0.9727693,-0.9727693,-0.9727693,-0.9727693,-0.9727693,-0.99877614,-0.99877614,-0.99877614,-0.99877614,-0.99877614,-0.99877614,-0.99877614,-0.99877614,-0.99877614,-0.99877614,-0.99877614,-0.99877614,-0.99877614,-0.99877614,-0.99877614,-0.99877614,-0.99877614,-0.99877614,-0.99877614,-0.99877614,-0.95678437,-0.95678437,-0.95678437,-0.95678437,-0.95678437,-0.95678437,-0.95678437,-0.92244655,-0.92244655,-0.92244655,-0.92244655,-0.92244655,-0.92244655,-0.92244655,-0.92244655,-0.92244655,-0.92244655,-0.92244655,-0.92244655,-0.92244655
16,-0.9984862,-0.9984862,-0.9984862,-0.9984862,-0.9984862,-0.9984862,-0.9984862,-0.9984862,-0.9984862,-0.9984862,-0.9984862,-0.9984862,-0.9984862,-0.9984862,-0.9984862,-0.9984862,-0.9984862,-0.9984862,-0.9984862,-0.9984862,-0.9984862,-0.99955934,-0.99955934,-0.99955934,-0.99955934,-0.99955934,-0.9889443,-0.9889443,-0.9889443,-0.9889443,-0.9889443,-0.9889443,-0.9889443,-0.9889443,-0.9889443,-0.9889443,-0.9889443,-0.9889443,-0.9889443,-0.9889443,-0.9889443,-0.9889443,-0.9988651,-0.9988651,-0.9988651,-0.9988651,-0.9988651,-0.9988651,-0.9988651,-0.9988651,-0.9988651,-0.9988651,-0.9988651,-0.9988651,-0.9988651,-0.9968917,-0.9968917,-0.9968917,-0.9968917,-0.9968917,-0.9968917,-0.9968917,-0.9968917,-0.9968917,-0.9968917,-0.9968917,-0.9968917,-0.9968917,-0.9968917,-0.9968917,-0.9968917,-0.9968917,-0.9968917,-0.9968917,-0.9968917,-0.9968917,-0.9968917,-0.9968917,-0.9968917,-0.9968917,-0.9968917,-0.9968917,-0.9968917,-0.9968917,-0.9968917,-0.9968917,-0.9968917,-0.9968917,-0.9968917,-0.9968917,-0.9968917,-0.9968917,-0.9895168,-0.9895168,-0.9895168,-0.9895168,-0.9895168,-0.9895168,-0.98800826,-0.98800826,-0.98800826,-0.98800826,-0.98800826,-0.98800826,-0.98800826,-0.98800826,-0.98800826,-0.98800826,-0.98800826,-0.98800826,-0.98800826,-0.99576664,-0.99576664,-0.99576664,-0.99576664,-0.99576664,-0.99576664,-0.99576664,-0.99576664,-0.99576664,-0.99576664,-0.99576664,-0.9816093,-0.9816093,-0.9816093,-0.9816093,-0.9816093,-0.9816093,-0.9816093,-0.9816093,-0.9816093,-0.9816093,-0.9816093,-0.9816093,-0.9816093
17,0.99714565,0.99714565,0.99714565,0.99714565,0.99714565,0.99714565,0.99714565,0.99714565,-0.9561359,-0.9561359,-0.9561359,-0.9899228,-0.9899228,-0.9899228,-0.9899228,-0.9899228,-0.9899228,-0.9899228,-0.9899228,-0.9899228,-0.9899228,-0.9899228,-0.9899228,-0.9899228,-0.9899228,-0.9899228,-0.81883144,-0.81883144,-0.81883144,-0.81883144,-0.81883144,-0.81883144,-0.81883144,-0.81883144,-0.81883144,-0.81883144,-0.81883144,-0.81883144,-0.81883144,-0.81883144,-0.81883144,-0.81883144,-0.81883144,-0.81883144,-0.81883144,-0.81883144,-0.81883144,-0.81883144,-0.81883144,-0.81883144,-0.99003357,-0.99003357,-0.99003357,-0.99003357,-0.99003357,-0.99003357,-0.99003357,-0.99003357,-0.99003357,-0.99003357,-0.99003357,-0.99003357,-0.99003357,-0.99003357,-0.99003357,-0.99003357,-0.99003357,-0.99003357,-0.99003357,-0.99003357,-0.99003357,-0.99003357,-0.99003357,-0.99783796,-0.99783796,-0.99783796,-0.99783796,-0.99783796,-0.99783796,-0.99783796,-0.99783796,-0.99783796,-0.99783796,-0.99783796,-0.99783796,-0.99783796,-0.99783796,-0.99783796,-0.99783796,-0.99783796,-0.99783796,-0.99783796,-0.99783796,-0.99783796,-0.99783796,-0.99783796,-0.99783796,-0.99783796,-0.99783796,-0.99783796,-0.99783796,-0.99783796,-0.99783796,-0.99783796,-0.99783796,-0.99783796,-0.99783796,-0.99783796,-0.99783796,-0.99783796,-0.99783796,-0.99783796,-0.99783796,-0.99783796,-0.99783796,-0.99783796,-0.99783796,-0.99783796,-0.99783796,-0.99783796,-0.99783796,-0.99783796,-0.99783796,-0.99783796,-0.99783796,-0.99783796,-0.99783796,-0.99783796,-0.99783796,-0.99783796,-0.99783796,-0.99783796,-0.99783796,-0.99783796,-0.99783796
18,-0.98835343,-0.98835343,-0.98835343,-0.98835343,-0.98835343,-0.98835343,-0.98835343,-0.98835343,-0.98835343,-0.98835343,-0.98835343,-0.98835343,-0.98835343,-0.98835343,-0.98835343,-0.98835343,-0.98835343,-0.98835343,-0.98835343,-0.98835343,-0.98835343,-0.98835343,-0.98835343,-0.98835343,-0.98835343,-0.98835343,-0.98835343,-0.98835343,-0.98835343,-0.98835343,-0.98835343,-0.98835343,-0.98835343,-0.98835343,-0.98835343,-0.98835343,-0.98835343,-0.98835343,-0.98835343,-0.98835343,-0.98835343,-0.98835343,-0.98835343,-0.98835343,-0.98835343,-0.98835343,-0.98835343,-0.98835343,-0.98835343,-0.98835343,-0.98835343,-0.98835343,-0.98835343,-0.98835343,-0.98835343,-0.98835343,-0.98835343,-0.98835343,0.9785745,0.9785745,0.9785745,0.9785745,0.9785745,0.9785745,0.9785745,0.9785745,0.9785745,0.9785745,0.9785745,0.9785745,0.9785745,-0.9995309,-0.9995309,-0.9995309,-0.9995309,-0.9995309,-0.9995309,-0.9995309,-0.9968329,-0.9968329,-0.9968329,-0.9968329,-0.9968329,-0.9968329,-0.9968329,-0.9968329,-0.9968329,-0.9968329,-0.9968329,-0.9968329,-0.9968329,-0.9968329,-0.9968329,-0.9301197,-0.9301197,-0.9301197,-0.9301197,-0.9301197,-0.9301197,-0.9301197,-0.9301197,-0.9301197,-0.9301197,-0.9301197,-0.9301197,-0.9301197,-0.9301197,-0.9301197,-0.9301197,-0.9301197,-0.9301197,-0.9301197,-0.9301197,-0.9301197,-0.9301197,-0.99952054,-0.99952054,-0.99952054,-0.99952054,-0.99952054,-0.9967803,-0.9967803,-0.9967803,-0.9967803,-0.9967803,-0.9967803,-0.9967803,-0.9967803,-0.9967803,-0.9967803,-0.9967803,-0.9967803,-0.9967803,-0.9967803,-0.9967803
19,0.9665387,0.9665387,0.9665387,0.9665387,0.9665387,0.9665387,0.9665387,0.9665387,0.9665387,0.9665387,0.9665387,0.9665387,0.9665387,0.9665387,0.9665387,0.9665387,0.9665387,0.9665387,0.9665387,0.9665387,0.9665387,0.9665387,0.9665387,0.9665387,0.9665387,0.9665387,0.9665387,0.9665387,0.9665387,0.9665387,0.9665387,0.9665387,0.9665387,0.9665387,0.9665387,0.9665387,0.9665387,0.9665387,0.9665387,0.9665387,0.9665387,0.9665387,0.9665387,0.9665387,0.9665387,0.9665387,0.9665387,-0.8417407,-0.8417407,-0.8417407,-0.8417407,-0.8417407,-0.8417407,-0.8417407,-0.8417407,-0.8417407,-0.8417407,-0.8417407,-0.8417407,-0.8417407,-0.8417407,-0.8417407,-0.8417407,-0.8417407,-0.8417407,-0.8417407,-0.8417407,-0.8417407,-0.8417407,-0.8417407,-0.8417407,-0.8417407,-0.8417407,-0.8417407,-0.8417407,-0.8417407,-0.8417407,-0.8417407,-0.8417407,-0.8417407,-0.8417407,-0.8417407,-0.8417407,-0.8417407,-0.8417407,-0.8417407,-0.8417407,-0.8417407,-0.8417407,-0.8417407,-0.8417407,-0.8417407,-0.8417407,-0.8417407,-0.8417407,-0.8417407,-0.8417407,-0.8417407,-0.8417407,-0.8417407,-0.8417407,-0.8417407,-0.8417407,-0.8417407,-0.8417407,-0.8417407,-0.8417407,-0.8417407,-0.8417407,-0.8417407,-0.8417407,-0.8417407,-0.8417407,-0.8417407,-0.9996257,0.990785,0.990785,0.99274915,0.99274915,0.99274915,0.99274915,0.9995747,0.9995747,0.9995747,0.9995747,0.9995747,0.9995747,0.9995747,0.9995747,0.9995747,0.9995747,0.9995747,0.9995747,0.9995747,0.9995747
20,0.99987495,0.99987495,0.99987495,0.99987495,0.99987495,0.99987495,0.99987495,0.99987495,0.99987495,0.99987495,0.99987495,0.99987495,0.99987495,0.99987495,0.99987495,0.99987495,0.99987495,0.99987495,0.99987495,0.99987495,0.99987495,0.99987495,0.99987495,0.99987495,0.99987495,0.99987495,0.99987495,0.99987495,0.99987495,0.99987495,0.99987495,0.99987495,0.99987495,0.99987495,0.99987495,0.99987495,0.99987495,0.99987495,0.99987495,0.99987495,0.99987495,0.99987495,0.99987495,0.99987495,0.99987495,0.99987495,0.99987495,0.99987495,0.99987495,0.99987495,0.99987495,0.99987495,-0.9929444,-0.9929444,-0.9929444,-0.9929444,-0.9929444,-0.9929444,-0.9929444,-0.9929444,-0.9929444,-0.9929444,-0.9929444,-0.9929444,-0.9929444,-0.9929444,-0.9929444,-0.9929444,-0.9929444,-0.9929444,-0.9929444,-0.9929444,-0.9929444,-0.9929444,-0.9929444,-0.9929444,-0.9929444,-0.9929444,-0.9929444,-0.9929444,-0.9929444,-0.9929444,-0.9929444,-0.9929444,-0.9929444,-0.9929444,-0.9929444,-0.9929444,-0.9929444,-0.9929444,-0.9929444,-0.9929444,-0.9929444,-0.9929444,-0.9929444,-0.9929444,-0.9929444,-0.9929444,-0.9929444,-0.99584526,-0.99584526,-0.99584526,-0.997549,-0.9958853,-0.9958853,-0.99253863,-0.99253863,-0.99253863,-0.99253863,-0.99253863,-0.99253863,-0.99253863,-0.99253863,-0.99253863,-0.99253863,-0.99253863,-0.99253863,-0.99253863,-0.99253863,-0.99253863,-0.99253863,-0.99253863,-0.99253863,-0.99253863,-0.99253863,-0.99253863,-0.99253863,-0.99253863,-0.99253863,-0.99253863,-0.99253863,-0.99253863,-0.99253863,-0.99253863,-0.99253863
21,-0.99846846,-0.99846846,-0.99846846,-0.99846846,-0.99846846,-0.99846846,-0.99846846,-0.99846846,-0.99846846,-0.99846846,-0.99846846,-0.99846846,-0.99846846,-0.99846846,-0.99846846,-0.99846846,-0.99846846,-0.99846846,-0.99846846,-0.99846846,-0.99846846,-0.99846846,-0.99846846,-0.99846846,-0.99846846,-0.99846846,-0.99846846,-0.99846846,-0.99846846,-0.99846846,-0.99846846,-0.99846846,-0.99846846,-0.99846846,-0.99846846,-0.99846846,-0.99846846,-0.99846846,-0.99846846,-0.99846846,-0.99846846,-0.99846846,-0.99846846,-0.99846846,-0.99846846,-0.99846846,-0.99846846,-0.99846846,-0.99846846,-0.99846846,-0.99846846,-0.99846846,-0.99846846,-0.99846846,-0.99846846,-0.99846846,-0.99846846,-0.99846846,-0.99846846,-0.99846846,-0.99846846,-0.99846846,-0.99846846,-0.99846846,-0.99846846,-0.99846846,-0.99846846,-0.99846846,-0.99846846,-0.99846846,-0.99846846,-0.99846846,-0.99846846,-0.99846846,-0.99846846,-0.99846846,-0.99846846,-0.99846846,-0.99846846,-0.99846846,-0.99846846,-0.99846846,-0.99846846,-0.99846846,-0.99846846,-0.99846846,-0.99846846,-0.99846846,-0.99846846,-0.99846846,-0.99846846,-0.99846846,-0.99846846,-0.99846846,-0.99846846,-0.99846846,0.96083426,0.96083426,0.96083426,0.96083426,0.96083426,0.96083426,0.96083426,-0.9868782,-0.9868782,-0.9868782,-0.9868782,-0.9868782,-0.9868782,-0.9868782,-0.9868782,-0.9868782,-0.9868782,-0.9868782,-0.9868782,-0.9868782,-0.9868782,-0.9868782,-0.9868782,-0.9868782,-0.9868782,-0.9981331,-0.9981331,-0.9981331,-0.9981331,-0.9981331,-0.9981331,-0.9981331,-0.9981331,-0.9981331,-0.9981331,-0.9981331,-0.9981331,-0.9981331,-0.9981331
22,-0.99943036,-0.99943036,-0.99943036,-0.99943036,-0.99943036,-0.99943036,-0.99943036,-0.99943036,-0.99943036,-0.99943036,-0.99943036,-0.99943036,-0.99943036,-0.99943036,-0.99943036,-0.99943036,-0.99943036,-0.99943036,-0.99943036,-0.99943036,-0.99943036,-0.99943036,-0.99943036,-0.99943036,-0.99943036,-0.99943036,-0.99943036,0.9937312,0.9937312,0.9937312,0.9937312,0.9937312,0.9937312,0.9937312,0.9937312,0.9937312,0.9937312,0.9937312,0.9937312,0.9937312,0.9937312,0.9937312,-0.9402713,-0.9402713,-0.9402713,-0.9402713,-0.9402713,-0.9402713,-0.9402713,-0.9402713,-0.9402713,-0.9402713,-0.9402713,-0.9402713,-0.9402713,-0.9402713,-0.9402713,-0.9402713,-0.9402713,-0.9402713,-0.9402713,-0.9402713,-0.9402713,-0.9402713,-0.9402713,-0.9402713,-0.9402713,-0.9402713,-0.9402713,-0.9402713,-0.9402713,-0.9402713,-0.9402713,-0.9402713,-0.9402713,-0.9402713,-0.9402713,0.9717917,0.9717917,0.9717917,-0.9969351,-0.9969351,-0.9969351,-0.9969351,-0.9969351,-0.9969351,-0.9969351,-0.9969351,-0.9969351,-0.9969351,-0.9969351,-0.9969351,-0.9964875,-0.9964875,-0.9964875,-0.9964875,-0.9964875,-0.9964875,-0.9964875,-0.9964875,-0.9964875,-0.9964875,-0.9964875,-0.9964875,-0.9964875,-0.9964875,-0.9964875,-0.9964875,-0.9964875,-0.9964875,-0.9964875,-0.9964875,-0.9964875,-0.9964875,-0.9964875,-0.9964875,-0.9964875,-0.9964875,-0.9964875,-0.9964875,-0.9964875,-0.9859729,-0.9859729,-0.9859729,-0.9546778,-0.9546778,-0.9546778,-0.9546778,-0.9546778,-0.9546778,-0.9546778,-0.9546778,-0.9546778,-0.9546778,-0.9546778
23,-0.9880162,-0.9880162,-0.9880162,-0.9880162,-0.9880162,-0.9880162,-0.9880162,-0.9880162,-0.9880162,-0.9880162,-0.9880162,-0.9880162,-0.9880162,-0.9880162,-0.9880162,-0.9880162,-0.9880162,-0.9880162,-0.9880162,-0.9880162,-0.9880162,-0.9880162,-0.9880162,-0.9880162,-0.9880162,-0.9880162,-0.50627214,-0.50627214,-0.50627214,-0.50627214,-0.50627214,-0.50627214,-0.50627214,-0.50627214,-0.50627214,-0.50627214,-0.50627214,-0.50627214,-0.50627214,-0.50627214,-0.50627214,-0.50627214,-0.50627214,-0.50627214,-0.50627214,-0.50627214,-0.50627214,-0.50627214,-0.50627214,-0.50627214,-0.50627214,-0.50627214,-0.50627214,-0.50627214,-0.50627214,-0.50627214,-0.50627214,-0.50627214,-0.50627214,-0.50627214,-0.50627214,-0.50627214,-0.50627214,-0.50627214,-0.50627214,-0.50627214,-0.50627214,-0.50627214,-0.50627214,-0.50627214,-0.50627214,-0.50627214,-0.50627214,-0.50627214,-0.50627214,-0.50627214,-0.8422317,-0.8422317,-0.8422317,-0.8422317,-0.8422317,-0.8422317,-0.8422317,-0.8422317,-0.8422317,-0.8422317,-0.8422317,-0.8422317,-0.8422317,-0.8422317,-0.8422317,-0.8422317,-0.8422317,-0.8422317,-0.8422317,-0.8422317,-0.8422317,-0.8422317,-0.8422317,-0.8422317,-0.9963081,-0.9963081,-0.9963081,-0.9963081,-0.9963081,-0.9963081,-0.9963081,-0.9963081,-0.9963081,-0.9963081,-0.9963081,-0.9963081,-0.9963081,-0.9963081,-0.9963081,-0.9963081,-0.9963081,-0.9963081,-0.9963081,-0.9963081,-0.9963081,-0.9963081,-0.9963081,-0.9963081,-0.9963081,-0.9963081,-0.9963081,-0.9963081,-0.9963081,-0.9963081,-0.9963081,-0.9963081,-0.9963081,-0.9963081,-0.9963081
24,-0.9920012,-0.9920012,-0.9920012,-0.9920012,-0.9890076,-0.9890076,-0.9890076,-0.9890076,-0.9890076,-0.9890076,-0.9890076,-0.9890076,-0.9890076,-0.9890076,-0.9890076,-0.9890076,-0.9890076,-0.9890076,-0.9890076,-0.9890076,-0.9890076,-0.9890076,-0.9890076,-0.9890076,-0.9890076,-0.9890076,-0.9890076,-0.9890076,-0.9890076,-0.9890076,-0.9890076,-0.9890076,-0.9890076,-0.9890076,-0.9890076,-0.9890076,-0.9890076,-0.9890076,-0.9890076,-0.9890076,-0.9890076,-0.9890076,-0.9890076,-0.9890076,-0.9890076,-0.9890076,-0.9890076,-0.9890076,-0.9890076,-0.9890076,-0.9890076,-0.9890076,-0.9890076,-0.9890076,-0.9890076,-0.9897338,-0.9897338,-0.98589116,-0.98589116,-0.98589116,-0.98589116,-0.98589116,-0.98589116,-0.98589116,-0.98589116,-0.98589116,-0.98589116,-0.98589116,-0.98589116,-0.98589116,-0.98589116,-0.98589116,-0.98589116,-0.98589116,-0.98589116,-0.98589116,-0.98589116,-0.98589116,-0.9664773,-0.9664773,-0.9664773,-0.9664773,-0.9664773,-0.9664773,-0.9664773,-0.9664773,-0.9664773,-0.9664773,-0.9664773,-0.9664773,-0.9664773,-0.9664773,-0.9664773,-0.9664773,-0.9664773,-0.9664773,-0.9664773,-0.9664773,-0.9664773,-0.9664773,-0.9664773,-0.9664773,-0.9664773,-0.9664773,-0.9664773,-0.9664773,-0.9664773,-0.9664773,-0.9664773,-0.9664773,-0.9664773,-0.9664773,-0.9664773,-0.9664773,-0.9664773,-0.9664773,-0.9664773,-0.9664773,-0.9664773,-0.9664773,-0.9664773,-0.9664773,-0.9664773,-0.9664773,-0.9664773,-0.9664773,-0.9664773,-0.9664773,-0.9664773,-0.9664773,-0.9664773,-0.9664773,-0.9664773,-0.9664773,-0.9664773
25,0.87275094,0.87275094,0.87275094,0.87275094,0.87275094,0.87275094,0.87275094,0.87275094,0.87275094,0.87275094,-0.9986187,-0.9986187,-0.7659717,-0.7659717,0.9907817,0.9907817,0.9907817,0.9907817,0.9907817,0.9907817,0.9907817,0.9907817,0.9907817,0.9907817,0.9907817,0.9907817,0.9907817,0.9907817,0.9907817,0.9907817,0.9907817,0.9907817,0.9907817,0.9907817,0.9907817,0.9907817,0.9907817,0.9907817,0.9907817,0.9907817,0.9907817,0.9907817,0.9907817,0.9907817,0.9907817,0.9907817,0.9907817,0.9907817,0.9907817,0.9907817,-0.99736834,-0.99736834,-0.99736834,0.99831617,0.99831617,0.99831617,0.99831617,0.99831617,0.99831617,0.99831617,0.99831617,0.99831617,0.99831617,0.99831617,0.99831617,0.99831617,0.99831617,0.99831617,0.99831617,0.99831617,0.99831617,0.99831617,0.99831617,0.99831617,0.99831617,0.99831617,0.99831617,0.99831617,0.99831617,0.99831617,0.99831617,0.99831617,0.99831617,0.99831617,0.99831617,0.99831617,0.99831617,0.99831617,0.99831617,0.99831617,0.99831617,0.99831617,0.99831617,0.99831617,0.99831617,0.99831617,0.99831617,0.99831617,0.99831617,0.99831617,0.9966047,0.9966047,0.9966047,0.9966047,0.9966047,0.9966047,0.9966047,0.9966047,0.9966047,0.9966047,0.9966047,0.9966047,0.9966047,0.9966047,0.9966047,0.9966047,0.9966047,0.9966047,0.9966047,0.9966047,0.9966047,0.9966047,0.9966047,0.9966047,0.9966047,0.9966047,0.9966047,0.9966047,0.9966047,0.9966047,0.9966047,0.9966047,0.9966047,0.9966047,0.9966047
26,0.99033093,0.99033093,0.99033093,0.99033093,0.99033093,0.99033093,0.99033093,0.99033093,0.99033093,0.99033093,0.99033093,0.99033093,0.99033093,0.99033093,0.99033093,0.99033093,0.99033093,0.99033093,0.99033093,0.99033093,0.99033093,0.99033093,0.99033093,0.99033093,0.99033093,0.99033093,0.99033093,0.99033093,0.99033093,0.99033093,0.99033093,0.99033093,0.99033093,0.99033093,0.99033093,0.99033093,0.99033093,0.99033093,0.99033093,0.99033093,0.99033093,0.99033093,0.99033093,0.99033093,0.99033093,0.99033093,0.99033093,0.99033093,0.99033093,0.99033093,0.99033093,0.99033093,0.99033093,0.99033093,0.99033093,0.99033093,0.99033093,0.99033093,0.99033093,0.99033093,0.99033093,0.99033093,0.99033093,0.99033093,0.99033093,0.99033093,0.99033093,0.99033093,0.99033093,0.99033093,0.99033093,0.99033093,0.99033093,0.99033093,0.99033093,0.99033093,0.99033093,0.99033093,0.99033093,0.99033093,0.99033093,0.99033093,0.99033093,0.99033093,0.99033093,0.99033093,0.99033093,0.99033093,0.99033093,0.99033093,0.99033093,0.99033093,0.99033093,0.99033093,0.99033093,0.99033093,0.99033093,0.99033093,-0.981942,-0.981942,-0.981942,-0.981942,-0.981942,-0.981942,-0.981942,-0.981942,-0.981942,-0.981942,-0.981942,-0.981942,-0.981942,-0.981942,-0.981942,-0.981942,-0.99781823,-0.99781823,-0.99781823,-0.9859827,-0.9859827,-0.9859827,-0.9859827,-0.9859827,-0.9859827,-0.9859827,-0.5187286,-0.5187286,-0.5187286,-0.5187286,-0.5187286,-0.5187286,-0.5187286,-0.5187286,-0.5187286,-0.5187286,-0.5187286
27,0.6593257,0.6593257,0.6593257,0.6593257,0.6593257,0.6593257,0.6593257,0.6593257,0.6593257,0.6593257,0.6593257,0.6593257,0.6593257,0.6593257,0.6593257,0.6593257,0.6593257,0.6593257,0.6593257,0.6593257,0.6593257,0.6593257,0.6593257,0.6593257,0.6593257,0.6593257,0.6593257,0.6593257,0.6593257,0.6593257,0.6593257,0.6593257,0.6593257,0.6593257,0.6593257,0.6593257,0.6593257,0.6593257,0.6593257,0.6593257,0.6593257,0.6593257,0.6593257,0.6593257,0.6593257,0.6593257,0.6593257,0.6593257,0.6593257,0.6593257,0.6593257,0.6593257,0.6593257,0.6593257,0.6593257,0.6593257,0.6593257,0.6593257,0.6593257,0.6593257,0.6593257,0.6593257,0.6593257,0.6593257,0.6593257,0.6593257,0.6593257,0.6593257,0.6593257,0.6593257,0.6593257,0.6593257,0.6593257,0.6593257,0.6593257,0.6593257,0.6593257,0.6593257,0.6593257,0.6593257,0.6593257,0.6593257,0.6593257,0.6593257,0.6593257,0.6593257,0.6593257,0.6593257,0.6593257,0.6593257,0.6593257,0.6593257,0.6593257,0.6593257,0.6593257,0.6593257,0.6593257,0.6593257,0.6593257,0.6593257,0.6593257,0.6593257,0.6593257,0.6593257,0.6593257,0.6593257,0.6593257,0.6593257,-0.9968773,-0.9968773,-0.9968773,-0.9968773,-0.9968773,-0.9968773,-0.9968773,-0.9968773,-0.9968773,-0.9968773,-0.9968773,-0.9968773,-0.9968773,-0.9968773,-0.9968773,-0.9968773,-0.9968773,-0.9968773,-0.9968773,-0.9968773,-0.9968773,-0.9968773,-0.9968773,-0.9968773,-0.9968773,-0.9968773,-0.9968773
28,-0.982578,-0.982578,-0.982578,-0.982578,-0.982578,-0.982578,-0.982578,-0.982578,-0.982578,-0.982578,-0.982578,-0.982578,-0.982578,-0.982578,-0.982578,-0.982578,-0.982578,-0.982578,-0.982578,-0.982578,-0.982578,-0.982578,-0.982578,-0.982578,-0.982578,-0.982578,-0.982578,-0.982578,-0.982578,-0.982578,-0.982578,-0.982578,-0.982578,-0.982578,-0.982578,-0.982578,-0.982578,-0.982578,-0.982578,-0.982578,-0.982578,-0.982578,-0.982578,-0.982578,-0.982578,-0.982578,-0.982578,-0.982578,-0.982578,-0.982578,-0.982578,-0.982578,-0.982578,-0.982578,-0.982578,-0.982578,-0.982578,-0.982578,-0.982578,-0.982578,-0.982578,-0.982578,-0.982578,-0.982578,-0.982578,-0.982578,-0.982578,-0.982578,-0.982578,-0.982578,-0.982578,-0.982578,-0.982578,-0.982578,-0.982578,-0.982578,-0.982578,-0.982578,-0.982578,-0.982578,-0.982578,-0.982578,-0.982578,-0.982578,-0.982578,-0.982578,-0.982578,-0.982578,-0.982578,-0.982578,-0.982578,-0.982578,-0.982578,-0.982578,-0.982578,-0.982578,-0.982578,-0.982578,-0.982578,-0.982578,-0.982578,-0.982578,-0.982578,-0.982578,-0.982578,-0.982578,-0.982578,-0.982578,-0.982578,-0.982578,-0.982578,-0.982578,-0.982578,-0.982578,-0.982578,-0.982578,-0.98432934,-0.98432934,-0.98432934,-0.98432934,-0.98432934,-0.98432934,-0.98432934,-0.98432934,-0.0060337186,-0.0060337186,-0.0060337186,-0.0060337186,-0.0060337186,-0.0060337186,-0.0060337186,-0.0060337186,-0.0060337186,-0.0060337186,-0.0060337186
29,-0.9991304,-0.9991304,-0.9991304,-0.9991304,-0.9991304,-0.9991304,-0.9991304,-0.9991304,-0.9991304,-0.9991304,-0.9991304,-0.9991304,-0.9991304,-0.9991304,-0.9991304,-0.9991304,-0.9991304,-0.9991304,-0.9991304,-0.9991304,-0.9991304,-0.9991304,-0.9991304,-0.9991304,-0.9991304,-0.9991304,-0.9991304,-0.9991304,-0.9991304,-0.9991304,-0.9991304,-0.9991304,-0.9991304,-0.9991304,-0.9991304,-0.9991304,-0.9991304,-0.9991304,-0.9991304,-0.9991304,-0.9991304,-0.9991304,-0.9991304,-0.9991304,-0.9991304,-0.9991304,-0.9991304,-0.9991304,-0.9991304,-0.9991304,-0.9991304,-0.9991304,-0.9991304,-0.9991304,-0.9991304,-0.9991304,-0.9991304,-0.9991304,-0.9991304,-0.9991304,-0.9991304,-0.9991304,-0.9991304,-0.9991304,-0.9991304,-0.9991304,-0.9991304,-0.9991304,-0.9991304,-0.9991304,-0.9991304,-0.9991304,-0.9991304,-0.9991304,-0.9991304,-0.9991304,-0.9991304,-0.9991304,-0.9991304,-0.9991304,-0.9991304,-0.9991304,-0.9991304,-0.9991304,-0.9991304,-0.9991304,-0.9991304,-0.9991304,-0.9991304,-0.9991304,-0.9991304,-0.9991304,-0.9991304,-0.9952164,-0.9952164,-0.9952164,-0.9952164,-0.9952164,-0.9952164,-0.9952164,-0.9952164,-0.9952164,-0.9952164,-0.9952164,0.9981187,0.9981187,0.9981187,0.9981187,0.9981187,0.9981187,0.9981187,0.9981187,-0.90134794,-0.90134794,-0.99773633,-0.99773633,-0.99773633,-0.99773633,-0.99773633,-0.99773633,-0.99773633,-0.99773633,-0.99773633,-0.99773633,-0.99773633,-0.99773633,-0.99773633,-0.99773633,-0.99773633,-0.99773633,-0.99773633,-0.99773633,-0.99773633,-0.99773633,-0.99773633
30,-0.9940025,-0.9940025,-0.9940025,-0.9940025,-0.9940025,-0.9940025,-0.9940025,-0.9940025,-0.9940025,-0.9940025,-0.9940025,-0.9940025,-0.9940025,-0.9940025,-0.9940025,-0.9940025,-0.9940025,-0.9940025,-0.9940025,-0.9940025,-0.9940025,-0.9940025,-0.9940025,-0.9940025,-0.9940025,-0.9940025,-0.9940025,-0.9940025,-0.9940025,-0.9940025,-0.9940025,-0.9940025,-0.9940025,-0.9940025,-0.9940025,-0.9940025,-0.9940025,-0.9940025,-0.9940025,-0.9940025,-0.9940025,-0.9940025,-0.9940025,-0.9940025,-0.9940025,-0.9940025,-0.9940025,-0.9940025,-0.9940025,-0.9940025,-0.9940025,-0.9940025,-0.9940025,-0.9940025,-0.9940025,-0.9940025,-0.9940025,-0.9940025,-0.9940025,-0.9940025,-0.9940025,-0.9940025,-0.9940025,-0.9940025,-0.9940025,-0.9940025,-0.9940025,-0.9940025,-0.9940025,-0.9940025,-0.9940025,-0.9940025,-0.9940025,-0.9940025,-0.9940025,-0.9940025,-0.9940025,-0.9940025,-0.9940025,-0.9940025,-0.9940025,-0.9940025,-0.9940025,-0.9940025,-0.9940025,-0.9940025,-0.9940025,-0.9940025,-0.9940025,-0.9940025,-0.9940025,-0.9940025,-0.9940025,-0.9940025,-0.9940025,-0.9940025,-0.9940025,-0.9940025,-0.9940025,-0.9940025,-0.9940025,-0.9940025,-0.9940025,-0.9940025,-0.9940025,-0.9940025,-0.9940025,-0.9940025,-0.9940025,-0.9940025,-0.9940025,-0.9940025,-0.9940025,-0.9940025,-0.9940025,-0.9940025,-0.9940025,-0.9940025,-0.9940025,-0.9940025,-0.9940025,-0.9940025,-0.9940025,-0.9940025,-0.9940025,-0.9940025,-0.9940025,-0.9940025,-0.9981577,-0.9981577,-0.9981577,-0.9981577,-0.9981577,-0.9981577,-0.9981577
31,-0.9979747,-0.9979747,-0.9979747,-0.9979747,-0.9979747,-0.9979747,-0.9979747,-0.9979747,-0.9979747,-0.9979747,-0.9979747,-0.9979747,-0.9979747,-0.9979747,-0.9979747,-0.9979747,-0.9979747,-0.9979747,-0.9979747,-0.9979747,-0.9979747,-0.9979747,-0.9979747,-0.9979747,-0.9979747,-0.9979747,-0.9979747,-0.9979747,-0.9979747,-0.9979747,-0.9979747,-0.9979747,-0.9979747,-0.9979747,-0.9979747,-0.9979747,-0.9979747,-0.9979747,-0.9979747,-0.9979747,-0.9979747,-0.9979747,-0.9979747,-0.9979747,-0.6780894,-0.6780894,-0.6780894,-0.6780894,-0.6780894,-0.6780894,-0.6780894,-0.6780894,-0.6780894,-0.6780894,-0.6780894,0.9966287,0.9966287,0.9966287,0.9966287,0.9966287,0.9966287,0.9966287,0.9966287,0.9966287,0.9966287,0.9966287,0.9966287,0.9966287,0.9966287,0.9966287,0.9966287,0.9966287,0.9966287,0.9966287,0.9966287,0.9966287,0.9966287,0.9966287,0.9966287,0.9966287,0.9966287,0.9966287,0.9966287,0.9966287,0.9966287,0.9966287,0.9966287,0.9966287,0.9966287,0.9966287,0.9966287,0.9966287,0.9966287,0.9966287,0.9966287,0.9966287,0.9966287,0.9966287,0.9966287,0.9966287,0.9966287,0.9966287,0.9966287,0.9966287,0.9966287,0.9966287,0.9966287,0.9966287,0.9966287,0.9966287,0.9966287,0.9966287,0.9966287,0.9966287,0.9966287,0.9966287,0.9966287,0.9966287,0.9966287,0.9966287,0.9966287,0.9966287,0.9966287,0.9966287,0.9966287,0.9966287,0.9966287,0.9966287,0.9966287,0.9966287,0.9966287,0.9966287,0.9966287,0.9966287,0.9966287
32,-0.99501026,-0.99501026,-0.99501026,-0.99501026,-0.99501026,-0.99501026,-0.99501026,-0.99501026,-0.99501026,-0.99501026,-0.99501026,-0.99501026,-0.99501026,-0.99501026,-0.99501026,-0.99501026,-0.99501026,-0.99501026,-0.99501026,-0.99501026,-0.99501026,-0.99501026,-0.99501026,-0.99501026,-0.99501026,-0.99501026,-0.99501026,-0.99501026,-0.99501026,-0.99501026,-0.99501026,-0.99501026,-0.99501026,-0.99501026,-0.99501026,-0.99501026,-0.99501026,-0.99501026,-0.99501026,-0.99501026,-0.99501026,-0.99501026,-0.99501026,-0.99501026,-0.99501026,-0.99501026,-0.99501026,-0.99501026,-0.99501026,-0.99501026,-0.99501026,-0.99501026,-0.99501026,-0.99501026,-0.99501026,-0.99501026,-0.99501026,-0.99501026,-0.99501026,-0.99501026,-0.99501026,-0.99501026,-0.99501026,-0.99501026,-0.99501026,-0.99501026,-0.99501026,-0.99501026,-0.99501026,-0.99501026,-0.99501026,-0.99501026,-0.99501026,-0.99501026,-0.99501026,-0.99501026,-0.99501026,-0.99501026,-0.99501026,-0.99501026,-0.99501026,-0.99501026,-0.99501026,-0.99501026,-0.99501026,-0.99501026,-0.99501026,-0.99501026,-0.99501026,-0.99501026,-0.99501026,-0.99501026,-0.99501026,-0.99501026,-0.99501026,-0.99501026,-0.99501026,-0.99841523,-0.99841523,-0.99841523,-0.99841523,-0.99841523,-0.99841523,-0.99841523,-0.99841523,-0.99841523,-0.99841523,-0.99841523,-0.99841523,-0.99841523,-0.99841523,-0.99841523,-0.9870827,-0.9870827,-0.9870827,-0.9870827,-0.9870827,-0.9870827,-0.98051,-0.98051,-0.98051,-0.98051,-0.98051,-0.98051,-0.98051,-0.98051,-0.98051,-0.98051,-0.98051,-0.98051,-0.98051,-0.98051,-0.98051,-0.98051,-0.98051
33,-0.63772035,-0.63772035,-0.63772035,-0.63772035,-0.63772035,-0.63772035,-0.63772035,-0.63772035,-0.63772035,-0.63772035,-0.63772035,-0.63772035,-0.63772035,-0.63772035,-0.63772035,-0.63772035,-0.63772035,-0.63772035,-0.63772035,-0.63772035,-0.63772035,-0.63772035,-0.63772035,-0.63772035,-0.63772035,-0.63772035,-0.63772035,-0.63772035,-0.63772035,-0.63772035,-0.63772035,-0.63772035,-0.63772035,-0.63772035,-0.63772035,-0.63772035,-0.63772035,-0.63772035,-0.63772035,-0.63772035,-0.63772035,-0.63772035,-0.63772035,0.9899658,0.9899658,0.9899658,0.9899658,0.9899658,0.9899658,0.9899658,0.9899658,0.9899658,0.9899658,0.9899658,0.9899658,0.9899658,0.9899658,0.9899658,0.9899658,0.9899658,0.9899658,0.9899658,0.9899658,0.9899658,0.9899658,0.9899658,0.9899658,0.9899658,-0.9874061,-0.9874061,-0.9874061,-0.9874061,-0.9874061,-0.9874061,-0.9874061,-0.9874061,-0.9874061,-0.9874061,-0.9874061,-0.9874061,-0.9874061,-0.9874061,-0.9874061,-0.9874061,-0.9874061,-0.9874061,-0.9874061,-0.9874061,-0.9874061,-0.99784136,-0.9889727,-0.9889727,-0.9889727,-0.9889727,-0.9889727,-0.9889727,-0.9889727,-0.9889727,-0.9889727,-0.9889727,-0.9889727,-0.9889727,-0.9889727,-0.9889727,-0.9889727,-0.9889727,-0.9889727,-0.9889727,-0.9889727,-0.9889727,-0.9889727,-0.9889727,-0.9889727,-0.9889727,-0.9295542,-0.9295542,-0.9295542,-0.9295542,-0.9295542,-0.9295542,-0.9295542,-0.9295542,-0.9295542,-0.9295542,-0.9295542,-0.9295542,-0.9295542,-0.9295542,-0.9295542,-0.9295542,-0.9295542,-0.9295542,-0.9295542,-0.9295542,-0.9295542
34,-0.98705673,-0.98705673,-0.98705673,-0.98705673,-0.98705673,-0.98705673,-0.98705673,-0.98705673,-0.98705673,-0.98705673,-0.98705673,-0.98705673,-0.98705673,-0.98705673,-0.98705673,-0.98705673,-0.98705673,-0.98705673,-0.98705673,-0.98705673,-0.98705673,-0.98705673,-0.98705673,-0.98705673,-0.98705673,-0.98705673,-0.98705673,-0.98705673,-0.98705673,-0.98705673,-0.98705673,-0.98705673,-0.98705673,-0.98705673,-0.98705673,-0.98705673,-0.98705673,-0.98705673,-0.98705673,-0.98705673,-0.98705673,-0.98705673,-0.98705673,-0.98705673,-0.98705673,-0.98705673,-0.98705673,-0.98705673,-0.98705673,-0.98705673,-0.98705673,-0.98705673,-0.99928844,-0.99928844,-0.99928844,-0.99928844,-0.99928844,-0.99928844,-0.99928844,-0.99928844,-0.99928844,-0.99928844,-0.99928844,-0.99928844,-0.99928844,-0.99928844,-0.99928844,-0.006426424,-0.006426424,-0.006426424,-0.006426424,-0.006426424,-0.006426424,-0.006426424,-0.006426424,-0.006426424,-0.006426424,-0.006426424,-0.006426424,-0.99614704,-0.99614704,-0.99614704,-0.99614704,-0.99614704,-0.99614704,-0.99614704,-0.99614704,-0.99614704,-0.99614704,-0.99614704,-0.99614704,-0.99614704,-0.99614704,-0.99614704,-0.99614704,-0.99614704,-0.99614704,-0.99614704,-0.99614704,-0.99614704,-0.99614704,-0.99614704,-0.99614704,-0.99614704,-0.99614704,-0.99614704,-0.99614704,-0.99614704,-0.99614704,-0.99614704,-0.99614704,-0.99614704,-0.99614704,-0.99614704,-0.99614704,0.99541277,0.99541277,0.99541277,0.99541277,0.99541277,0.99541277,0.99541277,0.99541277,0.99541277,0.99541277,0.99541277,0.99541277,0.99541277,0.99541277,0.99541277,0.99541277,0.99541277,0.99541277,0.99541277,0.99541277
35,0.98803514,0.98803514,0.98803514,0.98803514,0.98803514,0.98803514,0.98803514,0.98803514,0.98803514,0.98803514,0.98803514,0.98803514,0.98803514,0.98803514,0.98803514,0.98803514,0.98803514,0.98803514,0.98803514,0.98803514,0.98803514,0.98803514,0.98803514,0.98803514,0.98803514,0.98803514,0.98803514,0.98803514,0.98803514,0.98803514,0.98803514,0.98803514,0.98803514,0.98803514,0.98803514,0.98803514,0.98803514,0.98803514,0.98803514,0.98803514,0.98803514,0.98803514,0.98803514,0.98803514,0.98803514,0.98803514,0.98803514,0.98803514,0.98803514,0.98803514,0.98803514,0.98803514,0.98803514,-0.97254395,-0.97254395,-0.97254395,-0.97254395,-0.97254395,-0.97254395,-0.97254395,-0.97254395,-0.97254395,-0.97254395,-0.97254395,-0.97254395,-0.97254395,-0.97254395,-0.97254395,-0.97254395,-0.97254395,-0.97254395,-0.97254395,-0.97254395,-0.97254395,-0.97254395,-0.97254395,-0.97254395,-0.97254395,-0.97254395,-0.97254395,-0.97254395,-0.97254395,-0.97389627,-0.99670607,-0.99670607,-0.99670607,-0.99670607,-0.99670607,-0.99670607,-0.99670607,-0.99670607,-0.99670607,-0.99670607,-0.99670607,-0.99670607,-0.99670607,-0.99670607,-0.99670607,-0.99670607,-0.99670607,-0.99670607,-0.99670607,-0.99670607,-0.99670607,-0.99670607,-0.99813545,-0.99813545,-0.99813545,-0.99813545,-0.99813545,-0.99068636,-0.99068636,-0.99068636,-0.99068636,-0.99068636,-0.99068636,-0.99068636,-0.99068636,-0.99068636,-0.99068636,-0.99068636,-0.99068636,-0.99068636,-0.99068636,-0.99068636,-0.99068636,-0.99068636,-0.99068636,-0.99068636,-0.99068636,-0.99068636,-0.99068636,-0.99068636,-0.99068636,-0.99068636
36,-0.9997129,-0.9997129,-0.9997129,-0.9997129,-0.9997129,-0.9997129,-0.9997129,-0.9997129,-0.9997129,-0.9997129,-0.9997129,-0.9997129,-0.9997129,-0.9997129,-0.9997129,-0.9997129,-0.9997129,-0.9997129,-0.9997129,-0.9997129,-0.9997129,-0.9997129,-0.9997129,-0.9997129,-0.9997129,-0.9997129,-0.9997129,-0.9997129,-0.9997129,-0.9997129,-0.9997129,-0.9997129,-0.9997129,-0.9997129,-0.9997129,-0.9997129,-0.9997129,-0.9997129,-0.9997129,-0.9997129,-0.9997129,-0.9997129,-0.9997129,-0.9997129,-0.9997129,-0.9997129,-0.9997129,-0.9997129,-0.9997129,-0.9997129,-0.9997129,-0.9997129,-0.9997129,-0.9997129,-0.9997129,-0.9997129,-0.9997129,-0.9997129,-0.9997129,-0.9997129,-0.9997129,-0.9997129,-0.9997129,-0.9997129,-0.9997129,-0.9997129,-0.9997129,-0.9997129,-0.9997129,-0.9997129,-0.9997129,-0.9997129,-0.9997129,-0.9997129,-0.9997129,-0.9997129,-0.9997129,-0.9997129,-0.9997129,-0.9997129,-0.9997129,-0.9997129,-0.9997129,-0.9997129,-0.9997129,-0.9997129,-0.9997129,-0.9997129,-0.9997129,-0.9997129,-0.9997129,-0.9997129,-0.9997129,-0.9997129,-0.9997129,-0.9997129,-0.9997129,-0.9997129,-0.9997129,-0.9997129,-0.9997129,-0.9997129,-0.99946934,-0.99946934,-0.99946934,-0.99946934,-0.99946934,-0.99946934,-0.99946934,-0.99946934,-0.99946934,-0.99946934,-0.99946934,-0.99946934,-0.99946934,-0.99946934,-0.99946934,-0.99946934,-0.99946934,-0.99946934,-0.99946934,-0.99946934,-0.98223084,-0.99466693,-0.99466693,-0.99466693,-0.99466693,-0.99466693,-0.99466693,-0.99466693,-0.99466693,-0.99466693,-0.99466693,-0.99466693,-0.99466693
37,-0.98609716,-0.98609716,-0.98609716,-0.98609716,-0.98609716,-0.98609716,-0.98609716,-0.98609716,-0.98609716,-0.98609716,-0.98609716,-0.98609716,-0.98609716,-0.98609716,-0.98609716,-0.98609716,-0.98609716,-0.98609716,-0.98609716,-0.98609716,-0.98609716,-0.98609716,-0.98609716,-0.98609716,-0.98609716,-0.98609716,-0.98609716,-0.98609716,-0.98609716,-0.98609716,-0.98609716,-0.98609716,-0.98609716,-0.98609716,-0.98609716,-0.98609716,-0.98609716,-0.98609716,-0.98609716,-0.98609716,-0.98609716,-0.98609716,-0.98609716,-0.98609716,-0.98609716,-0.98609716,-0.98609716,-0.98609716,-0.98609716,-0.98609716,-0.98609716,-0.98609716,-0.98609716,-0.98609716,-0.98609716,-0.98609716,-0.98609716,-0.98609716,-0.98609716,-0.98609716,-0.98609716,-0.98609716,-0.98609716,-0.98609716,-0.98609716,-0.98609716,-0.98609716,-0.98609716,-0.9997888,-0.9997888,-0.9997888,-0.9997888,-0.9997888,-0.9997888,-0.9997888,-0.9997888,-0.9997888,-0.9997888,-0.9917687,-0.9917687,-0.9917687,-0.9917687,-0.9917687,-0.9917687,-0.9917687,-0.9917687,-0.9917687,-0.9917687,-0.9917687,-0.9917687,-0.9917687,-0.9917687,-0.9917687,-0.9917687,-0.999111,-0.999111,-0.999111,-0.999111,-0.999111,-0.999111,-0.999111,-0.999111,-0.999111,-0.999111,-0.999111,-0.9990017,-0.9990017,-0.9990017,-0.9990017,-0.9990017,-0.9990017,-0.9990017,-0.9990017,-0.9990017,-0.9990017,-0.98871124,-0.98871124,-0.98871124,-0.98871124,-0.98871124,-0.98871124,-0.98871124,-0.98871124,-0.98871124,-0.98871124,-0.98871124,-0.9893975,-0.9893975,-0.9893975,-0.9893975,-0.9893975,-0.9893975,-0.9893975,-0.9893975,-0.9893975
38,-0.978791,-0.978791,-0.978791,-0.978791,-0.978791,-0.978791,-0.978791,-0.978791,-0.978791,-0.978791,-0.978791,-0.978791,-0.978791,-0.978791,-0.978791,-0.978791,-0.978791,-0.978791,-0.978791,-0.978791,-0.978791,-0.978791,-0.978791,-0.978791,-0.978791,-0.978791,-0.978791,-0.978791,-0.978791,-0.978791,-0.978791,-0.978791,-0.978791,-0.978791,-0.978791,-0.978791,-0.978791,-0.978791,-0.978791,-0.978791,-0.978791,-0.978791,-0.978791,-0.978791,-0.978791,-0.978791,-0.95197874,-0.95197874,-0.95197874,-0.95197874,-0.95197874,-0.95197874,-0.95197874,-0.95197874,-0.95197874,-0.95197874,-0.95197874,-0.95197874,-0.95197874,-0.95197874,-0.95197874,-0.95197874,-0.95197874,-0.95197874,-0.95197874,-0.95197874,-0.95197874,-0.95197874,-0.95197874,-0.95197874,-0.95197874,-0.95197874,-0.95197874,-0.95197874,-0.95197874,-0.95197874,-0.95197874,-0.95197874,-0.95197874,-0.95197874,-0.95197874,-0.95197874,-0.95197874,-0.95197874,-0.95197874,-0.95197874,-0.95197874,-0.95197874,-0.95197874,-0.95197874,-0.95197874,-0.95197874,-0.95197874,-0.95197874,-0.95197874,-0.95197874,-0.95197874,-0.95197874,-0.95197874,-0.95197874,-0.95197874,-0.95197874,-0.95197874,-0.95197874,-0.95197874,-0.95197874,-0.95197874,-0.95197874,-0.95197874,-0.95197874,-0.95197874,-0.95197874,-0.95197874,-0.95197874,-0.95197874,-0.95197874,-0.95197874,-0.99924684,-0.99924684,-0.99924684,-0.99924684,-0.97869384,-0.97869384,-0.97869384,-0.9995129,-0.9995129,-0.9995129,-0.9995129,-0.9995129,-0.9995129,-0.9995129,-0.9995129,-0.9995129,-0.9995129,-0.9995129
39,0.9992914,0.9992914,0.9992914,0.9992914,0.9992914,0.9992914,0.9992914,0.9992914,0.9992914,0.9992914,0.9992914,0.9992914,0.9992914,0.9992914,0.9992914,0.9992914,0.9992914,0.9992914,0.9992914,0.9992914,0.9992914,0.9992914,0.9992914,0.9992914,0.9992914,0.9992914,0.9992914,0.9992914,0.9992914,0.9992914,0.9992914,0.9992914,0.9992914,0.9992914,0.9992914,0.9992914,0.9992914,0.9992914,0.9992914,0.9992914,0.9992914,0.9992914,0.9992914,0.9992914,0.9992914,0.9992914,0.9992914,0.9992914,0.9992914,0.9992914,0.9992914,0.9992914,-0.9404976,-0.99160844,-0.99160844,-0.99160844,-0.99160844,-0.99160844,-0.99160844,-0.99160844,-0.99160844,-0.99160844,-0.99160844,-0.99160844,-0.99160844,0.99977225,0.99977225,0.99977225,0.99977225,0.99977225,0.99977225,0.99977225,0.99977225,0.99977225,0.99977225,0.99977225,0.99977225,0.99977225,0.99977225,-0.96145564,-0.96145564,-0.96145564,-0.96145564,-0.96145564,-0.96145564,-0.96145564,-0.96145564,-0.96145564,-0.96145564,-0.96145564,-0.96145564,-0.96145564,-0.96145564,-0.96145564,-0.96145564,-0.96145564,-0.96145564,-0.96145564,-0.96145564,-0.96145564,-0.96145564,-0.96145564,-0.96145564,-0.96145564,-0.96145564,-0.96145564,-0.96145564,-0.96145564,-0.96145564,-0.96145564,-0.96145564,-0.96145564,-0.96145564,-0.96145564,-0.96145564,-0.96145564,-0.96145564,-0.96145564,-0.96145564,-0.96145564,-0.96145564,-0.96145564,-0.96145564,-0.96145564,-0.96145564,-0.96145564,-0.96145564,-0.96145564,-0.96145564,-0.96145564,-0.96145564,-0.96145564,-0.96145564,-0.96145564,-0.96145564
40,-0.99901605,-0.99901605,-0.99901605,-0.99901605,-0.99901605,-0.99901605,-0.99901605,-0.99901605,-0.99901605,-0.99901605,-0.99901605,-0.99901605,-0.99901605,-0.99901605,-0.99901605,-0.99901605,-0.99901605,-0.99901605,-0.99901605,-0.99901605,-0.99901605,-0.99901605,-0.99901605,-0.99901605,-0.99901605,-0.99901605,-0.99901605,-0.99901605,-0.99901605,-0.99901605,-0.99901605,-0.99901605,-0.99901605,-0.99901605,-0.99901605,-0.99901605,-0.99901605,-0.99901605,-0.99901605,-0.99901605,-0.99901605,-0.99901605,-0.99901605,-0.99901605,-0.99901605,-0.99901605,-0.99901605,-0.99901605,-0.99901605,-0.99901605,-0.99961853,-0.99961853,-0.99961853,-0.99961853,-0.99961853,-0.99961853,-0.99961853,-0.99961853,-0.99961853,-0.99961853,-0.99961853,-0.99961853,-0.99961853,-0.99961853,-0.99961853,-0.99961853,-0.99961853,-0.99961853,-0.99961853,-0.99961853,-0.99961853,-0.99961853,-0.9959168,-0.9959168,-0.9959168,-0.9959168,-0.9959168,-0.9959168,-0.9959168,-0.9959168,-0.9959168,-0.9959168,-0.9959168,-0.9959168,-0.9959168,-0.9959168,-0.9959168,-0.9959168,-0.9959168,-0.9959168,-0.9959168,-0.9959168,-0.9959168,-0.9959168,-0.9959168,-0.9959168,-0.9959168,-0.9959168,-0.9959168,-0.9959168,-0.9959168,-0.9959168,-0.9959168,-0.9959168,-0.9959168,-0.9959168,-0.9959168,-0.9959168,-0.9959168,-0.9959168,-0.9959168,-0.9959168,-0.9959168,-0.9959168,-0.9959168,-0.9959168,-0.9959168,-0.9959168,0.99210393,0.99210393,-0.9984231,-0.9984231,-0.9984231,-0.9984231,-0.6735156,-0.6735156,-0.6735156,-0.6735156,-0.6735156,-0.6735156,-0.6735156,-0.6735156,-0.6735156,-0.6735156,-0.6735156
41,-0.9996087,-0.9996087,-0.9996087,-0.9996087,-0.9996087,-0.9996087,-0.9996087,-0.9996087,-0.9996087,-0.9996087,-0.9996087,-0.9996087,-0.9996087,-0.9996087,-0.9996087,-0.9996087,-0.9996087,-0.9996087,-0.9996087,-0.9996087,-0.9996087,-0.9996087,-0.9996087,-0.9996087,-0.9996087,-0.9996087,-0.9996087,-0.9996087,-0.9996087,-0.9996087,-0.9996087,-0.9996087,-0.9996087,-0.9996087,-0.9996087,-0.9996087,-0.9996087,-0.9996087,-0.9996087,-0.9996087,-0.9996087,-0.9996087,-0.9996087,-0.9996087,-0.9991534,-0.9971551,-0.9971551,-0.9971551,-0.9971551,-0.9971551,-0.9971551,-0.9971551,-0.9971551,-0.9971551,-0.9971551,-0.9971551,-0.9971551,-0.9971551,-0.9971551,-0.9971551,-0.9971551,-0.9971551,-0.9971551,-0.9971551,-0.9971551,-0.9971551,-0.9971551,-0.9971551,-0.9971551,-0.9971551,-0.9971551,-0.9971551,-0.9971551,-0.9971551,-0.9971551,-0.9971551,-0.9971551,-0.9971551,-0.9971551,-0.9971551,-0.9971551,-0.9971551,-0.9971551,-0.9971551,-0.9971551,-0.9971551,-0.9971551,-0.9971551,-0.9971551,-0.9971551,-0.9971551,-0.9971551,-0.9971551,-0.9971551,-0.9971551,-0.9971551,-0.9971551,-0.9971551,-0.9971551,-0.9971551,-0.9971551,-0.9971551,0.9980028,0.9980028,0.9980028,0.9980028,0.9980028,0.9980028,0.9980028,0.9980028,0.9980028,0.9980028,0.9980028,0.9980028,0.9980028,0.9980028,0.9980028,0.8510651,0.8510651,0.8510651,-0.99527824,-0.99527824,-0.99527824,-0.99527824,-0.99527824,-0.99527824,-0.99527824,-0.99527824,-0.99527824,-0.99527824,-0.99527824,-0.99527824,-0.99527824,-0.99527824,-0.99527824
42,0.998348,0.998348,0.998348,0.998348,0.998348,0.998348,0.998348,0.998348,0.998348,0.998348,0.998348,0.998348,0.998348,0.998348,0.998348,0.998348,0.998348,0.998348,0.998348,0.998348,0.998348,0.998348,0.998348,0.998348,0.998348,0.998348,0.998348,0.998348,0.998348,0.998348,0.998348,0.998348,0.998348,0.998348,0.998348,0.998348,0.998348,0.998348,0.998348,0.998348,0.998348,0.998348,0.998348,0.998348,0.998348,0.998348,0.998348,0.998348,0.998348,0.998348,-0.9916339,-0.9916339,-0.9916339,-0.9953359,-0.9953359,-0.9953359,-0.9953359,-0.9953359,-0.9953359,-0.9953359,-0.9953359,-0.9953359,-0.9953359,-0.9953359,-0.9953359,-0.9953359,-0.9953359,-0.9953359,-0.9953359,-0.9953359,-0.9953359,-0.9953359,-0.9953359,-0.9953359,-0.9953359,-0.9953359,-0.9953359,-0.9953359,-0.9953359,-0.9953359,-0.9953359,-0.9953359,-0.9953359,-0.9953359,-0.9953359,-0.9953359,-0.9953359,-0.9953359,-0.9953359,-0.9953359,-0.9953359,-0.9953359,-0.9953359,-0.9953359,-0.9953359,-0.9953359,-0.9953359,-0.9953359,-0.9953359,-0.9953359,-0.9953359,-0.9953359,-0.9953359,-0.9953359,-0.9953359,-0.9953359,-0.97059005,-0.97059005,-0.97059005,-0.97059005,-0.97059005,-0.97059005,-0.97059005,-0.97059005,-0.97059005,-0.97059005,-0.97059005,-0.97059005,-0.97059005,-0.97059005,-0.97577435,-0.97577435,-0.97577435,-0.97577435,-0.97577435,-0.97577435,-0.97577435,-0.97577435,-0.97577435,-0.97577435,-0.97577435,-0.97577435,-0.97577435,-0.97577435,-0.97577435
43,-0.9962488,-0.9962488,-0.9962488,-0.9962488,-0.9962488,-0.9962488,-0.9962488,-0.9962488,-0.9962488,-0.9962488,-0.9962488,-0.9962488,-0.9962488,-0.9962488,-0.9962488,-0.9962488,-0.9962488,-0.9962488,-0.9962488,-0.9962488,-0.9962488,-0.9962488,-0.9962488,-0.9962488,-0.9962488,-0.9962488,-0.9962488,-0.9962488,-0.9962488,-0.9962488,-0.9962488,-0.9962488,-0.9962488,-0.9962488,-0.9962488,-0.9962488,-0.9962488,-0.9962488,-0.9962488,-0.9962488,-0.9962488,-0.9962488,-0.9962488,-0.9962488,-0.9962488,-0.9962488,-0.9962488,-0.9962488,-0.9962488,-0.9962488,-0.9962488,-0.9988404,-0.9988404,-0.9988404,-0.9988404,-0.9988404,0.97590977,0.97590977,0.97590977,0.97590977,0.97590977,0.97590977,0.97590977,0.97590977,0.97590977,0.97590977,0.97590977,0.97590977,0.97590977,0.97590977,0.97590977,-0.99627775,-0.99627775,-0.99627775,-0.99627775,-0.99627775,-0.99627775,-0.99627775,-0.99627775,-0.99627775,-0.99627775,-0.99627775,-0.99627775,-0.99627775,-0.99627775,-0.99627775,-0.99627775,-0.99627775,-0.99627775,-0.99627775,-0.98322165,-0.98322165,-0.98322165,-0.98322165,-0.98322165,-0.98322165,-0.98322165,0.99799216,0.99799216,0.99799216,0.99799216,0.99799216,0.99799216,0.99799216,0.99799216,0.99799216,0.99799216,0.99799216,0.99799216,0.99799216,0.99799216,0.99799216,0.99799216,0.99799216,0.99799216,0.99799216,0.99799216,0.99799216,0.99799216,0.99799216,0.99799216,0.99799216,0.99799216,0.99799216,0.99799216,0.99799216,0.99799216,0.99799216,0.99799216,0.99799216,0.99799216,0.99799216,0.99799216,0.99799216,0.99799216
44,-0.99779296,-0.99779296,-0.99779296,-0.99779296,-0.99779296,-0.99779296,-0.99779296,-0.99779296,-0.99779296,-0.99779296,-0.99779296,-0.99779296,-0.99779296,-0.99779296,-0.99779296,-0.99779296,-0.99779296,-0.99779296,-0.99779296,-0.99779296,-0.99779296,-0.99779296,-0.99779296,-0.99779296,-0.99779296,-0.99779296,-0.99779296,-0.9184753,-0.9184753,-0.9184753,-0.9184753,-0.9184753,-0.9184753,-0.9184753,-0.9184753,-0.9184753,-0.9184753,-0.9184753,-0.9184753,-0.9184753,-0.9184753,-0.9184753,-0.9184753,-0.9184753,-0.9184753,-0.9184753,-0.9184753,-0.9184753,-0.9184753,-0.9184753,-0.9184753,-0.9996152,-0.9996152,-0.9996152,0.6881675,0.6881675,0.6881675,0.6881675,0.6881675,0.6881675,0.6881675,0.6881675,0.6881675,0.6881675,0.6881675,0.6881675,0.6881675,0.6881675,0.6881675,0.6881675,0.6881675,0.6881675,0.6881675,0.6881675,0.6881675,0.6881675,0.6881675,0.6881675,0.6881675,0.6881675,0.6881675,0.6881675,0.6881675,0.6881675,0.6881675,0.6881675,0.6881675,0.6881675,0.6881675,0.6881675,0.6881675,0.6881675,0.6881675,0.6881675,0.6881675,-0.99883777,-0.99883777,-0.99883777,-0.99883777,-0.99883777,-0.99883777,-0.99883777,-0.99883777,-0.99883777,-0.99883777,-0.99883777,-0.99883777,-0.99883777,-0.99883777,-0.99883777,-0.99883777,-0.99883777,-0.99883777,-0.99883777,-0.99883777,-0.99883777,-0.99883777,-0.99883777,-0.99883777,-0.99883777,-0.99883777,-0.99883777,-0.99883777,-0.9997147,-0.9997147,-0.9997147,-0.9997147,-0.9997147,-0.9997147,-0.9997147,-0.9997147,-0.9997147,-0.9997147,-0.9997147,-0.9997147
45,-0.9952755,-0.9952755,-0.9952755,-0.9952755,-0.9952755,-0.9952755,-0.9952755,-0.9952755,-0.9952755,-0.9952755,-0.9952755,-0.9952755,-0.9952755,-0.9952755,-0.9952755,-0.9952755,-0.9952755,-0.9952755,-0.9952755,-0.9952755,-0.9952755,-0.9952755,-0.9952755,-0.9952755,-0.9952755,-0.9952755,-0.9952755,-0.9952755,-0.9952755,-0.9952755,-0.9952755,-0.9952755,-0.9952755,-0.9952755,-0.9952755,-0.9952755,-0.9952755,-0.9952755,-0.9952755,-0.9952755,-0.9952755,-0.9952755,-0.9952755,-0.9952755,-0.9952755,-0.9952755,-0.9952755,-0.9952755,-0.9952755,-0.9952755,-0.9952755,-0.9952755,-0.9952755,-0.9952755,-0.9952755,-0.9952755,-0.9952755,-0.9952755,-0.9952755,-0.9952755,-0.9952755,-0.9952755,-0.9952755,-0.9952755,-0.9952755,-0.9952755,-0.9952755,-0.9952755,-0.9952755,-0.9952755,-0.9952755,-0.9952755,-0.9952755,-0.9952755,-0.9952755,-0.9952755,-0.9952755,-0.9952755,-0.9952755,-0.9952755,-0.9952755,-0.9952755,-0.9952755,-0.9952755,-0.9952755,-0.9952755,-0.9952755,-0.9952755,-0.9952755,-0.9952755,-0.9952755,-0.9952755,0.65616137,0.65616137,0.65616137,0.65616137,0.65616137,0.65616137,0.65616137,0.65616137,0.65616137,0.65616137,0.65616137,0.65616137,0.65616137,0.65616137,0.65616137,0.65616137,0.65616137,0.65616137,0.65616137,0.65616137,0.65616137,0.65616137,0.65616137,0.65616137,0.65616137,-0.98692316,-0.99664944,-0.99664944,-0.99664944,-0.99664944,-0.99664944,-0.99664944,-0.99664944,-0.99664944,-0.99664944,-0.99664944,-0.6897207,-0.6897207,-0.6897207,-0.6897207,-0.6897207,-0.6897207,-0.6897207
46,-0.99837226,-0.99837226,-0.99837226,-0.99837226,-0.99837226,-0.99837226,-0.99837226,-0.99837226,-0.99837226,-0.99837226,-0.99837226,-0.99837226,-0.99837226,-0.99837226,-0.99837226,-0.99837226,-0.99837226,-0.99837226,-0.99837226,-0.99837226,-0.99837226,-0.99837226,-0.99837226,-0.99837226,-0.99837226,-0.99837226,-0.99837226,-0.99837226,-0.99837226,-0.99837226,-0.99837226,-0.99837226,-0.99837226,-0.99837226,-0.99837226,-0.99837226,-0.99837226,-0.99837226,-0.99837226,-0.99837226,-0.99837226,-0.99837226,-0.99837226,-0.99837226,-0.99837226,-0.99837226,-0.99837226,-0.99837226,-0.99837226,-0.99837226,-0.99837226,-0.99837226,-0.99837226,-0.99837226,-0.99837226,-0.99837226,-0.99837226,-0.99837226,-0.99837226,-0.99837226,-0.99837226,-0.99837226,-0.99837226,-0.99837226,-0.99837226,-0.99837226,-0.99837226,-0.99837226,-0.99837226,-0.99837226,-0.99837226,-0.99837226,-0.99837226,-0.99837226,-0.99837226,-0.99837226,-0.99837226,-0.99837226,-0.99837226,-0.99837226,-0.99837226,-0.99837226,-0.99837226,-0.99837226,-0.99837226,-0.99837226,-0.99837226,-0.99837226,-0.99837226,-0.99837226,-0.99837226,-0.99837226,-0.99837226,-0.99837226,-0.99837226,-0.99837226,-0.99837226,0.99986315,0.99986315,0.99986315,0.99986315,0.99986315,0.99986315,0.99986315,0.99986315,0.99986315,0.99986315,0.99986315,0.99986315,0.99986315,0.99986315,0.99986315,0.99986315,-0.9944594,-0.9944594,-0.9944594,-0.99961746,-0.7280902,-0.7280902,-0.998928,-0.998928,-0.998928,-0.998928,-0.998928,-0.998928,-0.998928,-0.998928,-0.998928,-0.998928,-0.998928,-0.998928,-0.998928,-0.998928,-0.998928,-0.998928
47,0.99797815,0.99797815,0.99797815,0.99797815,0.99797815,0.99797815,0.99797815,0.99797815,0.99797815,0.99797815,0.99797815,0.99797815,0.99797815,0.99797815,0.99797815,0.99797815,0.99797815,0.99797815,0.99797815,0.99797815,0.99797815,0.99797815,0.99797815,0.99797815,0.99797815,0.99797815,0.99797815,0.99797815,0.99797815,0.99797815,0.99797815,0.99797815,0.99797815,0.99797815,0.99797815,0.99797815,0.99797815,0.99797815,0.99797815,0.99797815,0.99797815,0.99797815,0.99797815,0.99797815,0.99797815,0.99797815,0.99797815,0.99797815,0.99797815,0.99797815,-0.9994802,-0.9994802,-0.9994802,-0.9994802,-0.9994802,-0.9994802,-0.9994802,-0.9994802,-0.9994802,-0.9994802,-0.9994802,-0.9994802,-0.9994802,-0.9994802,-0.9994802,-0.9994802,-0.9994802,-0.9994802,-0.9994802,-0.9994802,-0.9994802,-0.9994802,-0.9994802,-0.9994802,-0.9994802,-0.9994802,-0.9994802,-0.9994802,-0.9994802,-0.9994802,-0.9994802,-0.9994802,-0.9994802,-0.9994802,-0.9994802,-0.9994802,-0.9994802,-0.9994802,-0.9994802,-0.9994802,-0.9994802,-0.9994802,-0.9994802,-0.9994802,-0.9994802,-0.9994802,-0.9994802,-0.9994802,-0.9994802,-0.9994802,-0.582179,-0.582179,-0.582179,-0.582179,-0.582179,-0.582179,-0.582179,-0.582179,-0.582179,-0.582179,-0.582179,-0.582179,-0.582179,-0.582179,-0.582179,-0.582179,-0.582179,-0.9990514,-0.9990514,-0.9965982,-0.9965982,-0.9541476,-0.9541476,-0.9887672,-0.9887672,-0.9887672,-0.9887672,-0.9887672,-0.9887672,-0.9887672,-0.9887672,-0.9887672,-0.9887672,-0.9887672,-0.9887672
48,-0.94662315,-0.94662315,-0.94662315,-0.94662315,-0.94662315,-0.94662315,-0.94662315,-0.94662315,-0.94662315,-0.94662315,-0.94662315,-0.94662315,-0.94662315,-0.94662315,-0.94662315,-0.94662315,-0.94662315,-0.94662315,-0.94662315,-0.94662315,-0.94662315,-0.94662315,-0.94662315,-0.94662315,-0.94662315,-0.94662315,-0.94662315,-0.94662315,-0.94662315,-0.94662315,-0.94662315,-0.94662315,-0.94662315,-0.94662315,-0.94662315,-0.94662315,-0.94662315,-0.94662315,-0.94662315,-0.94662315,-0.94662315,-0.94662315,-0.94662315,-0.94662315,-0.9953689,-0.9953689,-0.9953689,-0.9953689,-0.9953689,-0.9953689,-0.9953689,-0.9953689,-0.9953689,-0.9953689,-0.9953689,-0.9953689,-0.9953689,-0.9953689,-0.9953689,-0.9953689,-0.9953689,-0.9953689,-0.9953689,-0.9953689,-0.9953689,-0.9953689,-0.9953689,-0.9953689,-0.9953689,-0.9953689,-0.9953689,-0.9953689,-0.9953689,-0.9953689,-0.9953689,-0.9953689,-0.9953689,-0.9953689,-0.9953689,-0.9953689,-0.9953689,-0.9953689,-0.9953689,-0.9953689,-0.9953689,-0.9953689,-0.9953689,-0.9953689,-0.9953689,-0.9953689,-0.9953689,-0.9953689,-0.9953689,-0.9953689,-0.9953689,-0.9953689,-0.9953689,-0.9953689,-0.9953689,-0.9953689,-0.9953689,-0.9953689,-0.9953689,-0.9953689,-0.9953689,-0.9953689,-0.9953689,-0.9953689,-0.9953689,-0.9953689,-0.9953689,-0.9953689,-0.9953689,-0.9953689,-0.9953689,-0.9958805,-0.9958805,-0.9958805,-0.9958805,-0.9958805,-0.9958805,-0.9958805,-0.9958805,-0.9958805,-0.9958805,-0.9958805,-0.9958805,-0.9958805,-0.9958805,-0.9958805,-0.9958805,-0.9958805,-0.9958805,-0.9958805,-0.9958805
49,-0.9994931,-0.9994931,-0.9994931,-0.9994931,-0.9994931,-0.9994931,-0.9994931,-0.9994931,-0.9994931,-0.9994931,-0.9994931,-0.9994931,-0.9994931,-0.9994931,-0.9994931,-0.9994931,-0.9994931,-0.9994931,-0.9994931,-0.9994931,-0.9994931,-0.9994931,-0.9994931,-0.9994931,-0.9994931,-0.9994931,-0.9994931,-0.9994931,-0.9994931,-0.9994931,-0.9994931,-0.9994931,-0.9994931,-0.9994931,-0.9994931,-0.9994931,-0.9994931,-0.9994931,-0.9994931,-0.9994931,-0.9994931,-0.9994931,-0.9994931,-0.9994931,-0.99939656,-0.99939656,-0.99939656,-0.99939656,-0.99939656,-0.99939656,-0.99939656,-0.99939656,-0.99939656,-0.99939656,0.9989102,0.9989102,0.9989102,0.9989102,0.9989102,0.998324,0.998324,0.998324,0.998324,0.998324,0.998324,0.998324,0.998324,0.998324,0.998324,0.998324,0.998324,0.998324,0.998324,0.998324,0.998324,0.998324,0.998324,0.998324,0.998324,0.998324,0.998324,0.998324,0.998324,0.998324,0.998324,0.998324,0.998324,0.998324,0.998324,0.998324,0.998324,0.998324,0.99934036,0.99934036,0.99934036,0.99934036,0.99934036,0.99934036,0.99934036,0.99934036,0.99934036,0.99934036,-0.9964522,-0.9964522,-0.9964522,-0.9964522,-0.9964522,-0.9964522,-0.9964522,-0.9964522,-0.9964522,-0.9964522,-0.9964522,-0.9964522,-0.9964522,-0.9964522,-0.9964522,-0.9964522,-0.9964522,-0.9964522,-0.9964522,-0.9964522,-0.9964522,-0.99545044,-0.99545044,-0.99545044,-0.99545044,-0.99545044,-0.99545044,-0.99545044,-0.99545044,-0.99545044,-0.99545044,-0.99545044,-0.99545044
